time,error,linear_velocity,angular_velocity
0.15112625500000001,0.0,0.0,0.0
0.20058942300000002,0.0,0.0,0.0
0.251397113,0.0,0.0,0.0
0.300578981,0.0,0.0,0.0
0.35079459100000004,0.0,0.0,0.0
0.40061530900000003,0.0,0.0,0.0
0.451157167,0.0,0.0,0.0
0.50059721,0.0,0.0,0.0
0.551133339,0.0,0.0,0.0
0.600586143,0.0,0.0,0.0
0.6520401290000001,0.0,0.0,0.0
0.700597263,0.0,0.0,0.0
0.7529804090000001,0.0,0.0,0.0
0.8005999450000001,0.0,0.0,0.0
0.851233781,0.0,0.0,0.0
0.90065351,0.0,0.0,0.0
0.9506507340000001,0.0,0.0,0.0
1.000573375,0.0,0.0,0.0
1.051368249,0.0,0.0,0.0
1.1005801670000002,0.0,0.0,0.0
1.1505666620000001,0.0,0.0,0.0
1.200594199,0.0,0.0,0.0
1.251267095,0.0,0.0,0.0
1.300592553,0.0,0.0,0.0
1.35064785,0.0,0.0,0.0
1.400593981,0.0,0.0,0.0
1.450541934,0.0,0.0,0.0
1.502345343,0.0,0.0,0.0
1.552029496,0.0,0.0,0.0
1.6005847000000002,0.0,0.0,0.0
1.650535571,0.0,0.0,0.0
1.700585451,0.0,0.0,0.0
1.7514924070000002,0.0,0.0,0.0
1.800598388,0.0,0.0,0.0
1.851973362,0.0,0.0,0.0
1.90060549,0.0,0.0,0.0
1.951562392,0.0,0.0,0.0
2.0005928500000003,0.0,0.0,0.0
2.050577988,0.0,0.0,0.0
2.1005727100000002,0.0,0.0,0.0
2.1516457570000003,0.0,0.0,0.0
2.2005747060000003,0.0,0.0,0.0
2.251656398,0.0,0.0,0.0
2.300596285,0.0,0.0,0.0
2.3514076150000003,0.0,0.0,0.0
2.400849789,0.0,0.0,0.0
2.4509599260000003,0.0,0.0,0.0
2.500595328,0.0,0.0,0.0
2.5510287440000003,0.0,0.0,0.0
2.600689666,0.0,0.0,0.0
2.652179012,0.0,0.0,0.0
2.700696558,0.0,0.0,0.0
2.752641317,0.0,0.0,0.0
2.800644127,0.0,0.0,0.0
2.850506609,0.0,0.0,0.0
2.900845909,0.0,0.0,0.0
2.952518168,0.0,0.0,0.0
3.00059436,0.0,0.0,0.0
3.0532050490000002,0.0,0.0,0.0
3.100605673,0.0,0.0,0.0
3.1515928850000003,0.0,0.0,0.0
3.200610529,0.0,0.0,0.0
3.251504929,0.0,0.0,0.0
3.30059153,0.0,0.0,0.0
3.352392381,0.0,0.0,0.0
3.400582114,0.0,0.0,0.0
3.4510245910000004,0.0,0.0,0.0
3.5005776990000004,0.0,0.0,0.0
3.551102466,0.0,0.0,0.0
3.6005890120000004,0.0,0.0,0.0
3.6514939330000002,0.0,0.0,0.0
3.7006455860000003,0.0,0.0,0.0
3.750542858,0.0,0.0,0.0
3.800609139,0.0,0.0,0.0
3.8505839620000004,0.0,0.0,0.0
3.9005852940000003,0.0,0.0,0.0
3.950472824,0.0,0.0,0.0
4.000568009,0.0,0.0,0.0
4.051830528,0.0,0.0,0.0
4.100600828,0.0,0.0,0.0
4.15240527,0.0,0.0,0.0
4.201453796,0.0,0.0,0.0
4.252029134,0.0,0.0,0.0
4.300593601,0.0,0.0,0.0
4.350969618000001,0.0,0.0,0.0
4.400591421000001,0.0,0.0,0.0
4.450754157,0.0,0.0,0.0
4.501341734,0.0,0.0,0.0
4.551737125000001,0.0,0.0,0.0
4.6006355480000005,0.0,0.0,0.0
4.652213274,0.0,0.0,0.0
4.7005888890000005,0.0,0.0,0.0
4.752322707,0.0,0.0,0.0
4.800590926,0.0,0.0,0.0
4.850767204,0.0,0.0,0.0
4.900588118,0.0,0.0,0.0
4.951871207,0.0,0.0,0.0
5.000573067,0.0,0.0,0.0
5.052409122,0.0,0.0,0.0
5.100692964,0.0,0.0,0.0
5.150946687,0.0,0.0,0.0
5.20057479,0.0,0.0,0.0
5.251648454000001,0.0,0.0,0.0
5.300588594000001,0.0,0.0,0.0
5.350939608,0.0,0.0,0.0
5.400566773,0.0,0.0,0.0
5.4527642830000005,0.0,0.0,0.0
5.500582712,0.0,0.0,0.0
5.551757001,0.0,0.0,0.0
5.600606985000001,0.0,0.0,0.0
5.651028935,0.0,0.0,0.0
5.700593185000001,0.0,0.0,0.0
5.75169289,0.0,0.0,0.0
5.800564176,0.0,0.0,0.0
5.851309717,0.0,0.0,0.0
5.900583185,0.0,0.0,0.0
5.952211322,0.0,0.0,0.0
6.000582297,0.0,0.0,0.0
6.051081901000001,0.0,0.0,0.0
6.100596825,0.0,0.0,0.0
6.151446062000001,0.0,0.0,0.0
6.200644843,0.0,0.0,0.0
6.252151158,0.0,0.0,0.0
6.3005937990000005,0.0,0.0,0.0
6.350715073000001,0.0,0.0,0.0
6.40056515,0.0,0.0,0.0
6.450799184,0.0,0.0,0.0
6.500578689,0.0,0.0,0.0
6.551771465000001,0.0,0.0,0.0
6.600573634000001,0.0,0.0,0.0
6.6517196400000005,0.0,0.0,0.0
6.700581131000001,0.0,0.0,0.0
6.751871615000001,0.0,0.0,0.0
6.800593889000001,0.0,0.0,0.0
6.850375529000001,0.0,0.0,0.0
6.9005891440000005,0.0,0.0,0.0
6.952149101000001,0.0,0.0,0.0
7.000597626,0.0,0.0,0.0
7.050955301,0.0,0.0,0.0
7.1005434,0.0,0.0,0.0
7.150714931,0.0,0.0,0.0
7.20058485,0.0,0.0,0.0
7.251813352,0.0,0.0,0.0
7.300585155,0.0,0.0,0.0
7.350728093000001,0.0,0.0,0.0
7.400596762,0.0,0.0,0.0
7.450556993,0.0,0.0,0.0
7.500572588000001,0.0,0.0,0.0
7.551319219000001,0.0,0.0,0.0
7.600565341,0.0,0.0,0.0
7.651207233,0.0,0.0,0.0
7.7005739790000005,0.0,0.0,0.0
7.751964616,0.0,0.0,0.0
7.800585065000001,0.0,0.0,0.0
7.850583264000001,0.0,0.0,0.0
7.900588024,0.0,0.0,0.0
7.951433766,0.0,0.0,0.0
8.000588741,0.0,0.0,0.0
8.052122446,0.0,0.0,0.0
8.100590968,0.0,0.0,0.0
8.150460572,0.0,0.0,0.0
8.200582414000001,0.0,0.0,0.0
8.251294668,0.0,0.0,0.0
8.300575162000001,0.0,0.0,0.0
8.352320585000001,0.0,0.0,0.0
8.400631087,0.0,0.0,0.0
8.451557662,0.0,0.0,0.0
8.500592325000001,0.0,0.0,0.0
8.552124729,0.0,0.0,0.0
8.600593980000001,0.0,0.0,0.0
8.651765032,0.0,0.0,0.0
8.700565426,0.0,0.0,0.0
8.75062055,0.0,0.0,0.0
8.800577185,0.0,0.0,0.0
8.850453715,0.0,0.0,0.0
8.900541753,0.0,0.0,0.0
8.950518802000001,0.0,0.0,0.0
9.000862098,0.0,0.0,0.0
9.050558160000001,0.0,0.0,0.0
9.100591198,0.0,0.0,0.0
9.151751206,0.0,0.0,0.0
9.200590087,0.0,0.0,0.0
9.251308172,0.0,0.0,0.0
9.300567831,0.0,0.0,0.0
9.350325559,0.0,0.0,0.0
9.400575783,0.0,0.0,0.0
9.450495957000001,0.0,0.0,0.0
9.500578110000001,0.0,0.0,0.0
9.550452555000001,0.0,0.0,0.0
9.600592520000001,0.0,0.0,0.0
9.651694820000001,0.0,0.0,0.0
9.700585888,0.0,0.0,0.0
9.750981319000001,0.0,0.0,0.0
9.800610975000001,0.0,0.0,0.0
9.851140519000001,0.0,0.0,0.0
9.900568925,0.0,0.0,0.0
9.951596952000001,0.0,0.0,0.0
10.000578070000001,0.0,0.0,0.0
10.05194198,0.0,0.0,0.0
10.100591277000001,0.0,0.0,0.0
10.150555251,0.0,0.0,0.0
10.200636776000001,0.0,0.0,0.0
10.252302872000001,0.0,0.0,0.0
10.300681963,0.0,0.0,0.0
10.351312754,0.0,0.0,0.0
10.400607358,0.0,0.0,0.0
10.450624874,0.0,0.0,0.0
10.500678899,0.0,0.0,0.0
10.550758549000001,0.0,0.0,0.0
10.600557160000001,0.0,0.0,0.0
10.650489884,0.0,0.0,0.0
10.700583857,0.0,0.0,0.0
10.750451581,0.0,0.0,0.0
10.800642116,0.0,0.0,0.0
10.851860194,0.0,0.0,0.0
10.900680060000001,0.0,0.0,0.0
10.952089541000001,0.0,0.0,0.0
11.000789773000001,0.0,0.0,0.0
11.052013161000001,0.0,0.0,0.0
11.100582144,0.0,0.0,0.0
11.151692565000001,0.0,0.0,0.0
11.200603628000001,0.0,0.0,0.0
11.2510252,0.0,0.0,0.0
11.300582925,0.0,0.0,0.0
11.351270954,0.0,0.0,0.0
11.400585764,0.0,0.0,0.0
11.451664831,0.0,0.0,0.0
11.500591988,0.0,0.0,0.0
11.550468408,0.0,0.0,0.0
11.600565399,0.0,0.0,0.0
11.650457444,0.0,0.0,0.0
11.700564488000001,0.0,0.0,0.0
11.750452106000001,0.0,0.0,0.0
11.800578941000001,0.0,0.0,0.0
11.851457331,0.0,0.0,0.0
11.900583860000001,0.0,0.0,0.0
11.951135064,0.0,0.0,0.0
12.000674558,0.0,0.0,0.0
12.050717693000001,0.0,0.0,0.0
12.100688485000001,0.0,0.0,0.0
12.150578132000001,0.0,0.0,0.0
12.200780694,0.0,0.0,0.0
12.250442061000001,0.0,0.0,0.0
12.300553165,0.0,0.0,0.0
12.350762393,0.0,0.0,0.0
12.400583395,0.0,0.0,0.0
12.451466888,0.0,0.0,0.0
12.500587218000001,0.0,0.0,0.0
12.551718574,0.0,0.0,0.0
12.600582396,0.0,0.0,0.0
12.650455950000001,0.0,0.0,0.0
12.700588563,0.0,0.0,0.0
12.751054664000002,0.0,0.0,0.0
12.800537700000001,0.0,0.0,0.0
12.850442867,0.0,0.0,0.0
12.900550271,0.0,0.0,0.0
12.95139522,0.0,0.0,0.0
13.000579975,0.0,0.0,0.0
13.050907741000001,0.0,0.0,0.0
13.100593013000001,0.0,0.0,0.0
13.151571659,0.0,0.0,0.0
13.200591832,0.0,0.0,0.0
13.251346469000001,0.0,0.0,0.0
13.300611640000001,0.0,0.0,0.0
13.350922531,0.0,0.0,0.0
13.400573064000001,0.0,0.0,0.0
13.451250827,0.0,0.0,0.0
13.500600997000001,0.0,0.0,0.0
13.550901576000001,0.0,0.0,0.0
13.600589764,0.0,0.0,0.0
13.652296217000002,0.0,0.0,0.0
13.700647385000002,0.0,0.0,0.0
13.750350052000002,0.0,0.0,0.0
13.800588392000002,0.0,0.0,0.0
13.850381474,0.0,0.0,0.0
13.900563302,0.0,0.0,0.0
13.950823306,0.0,0.0,0.0
14.001738878000001,0.0,0.0,0.0
14.051282221000001,0.0,0.0,0.0
14.100541348,0.0,0.0,0.0
14.150744843,0.0,0.0,0.0
14.200585527000001,0.0,0.0,0.0
14.251432714000002,0.0,0.0,0.0
14.300589082,0.0,0.0,0.0
14.352198710000001,0.0,0.0,0.0
14.400707739000001,0.0,0.0,0.0
14.45132873,0.0,0.0,0.0
14.500586607,0.0,0.0,0.0
14.550665675000001,0.0,0.0,0.0
14.600639744,0.0,0.0,0.0
14.650453919,0.0,0.0,0.0
14.700598767,0.0,0.0,0.0
14.751349445,0.0,0.0,0.0
14.800584197000001,0.0,0.0,0.0
14.852014764000002,0.0,0.0,0.0
14.900644571,0.0,0.0,0.0
14.951552744,0.0,0.0,0.0
15.000643537,0.0,0.0,0.0
15.05190926,0.0,0.0,0.0
15.100638597000001,0.0,0.0,0.0
15.151145785,0.0,0.0,0.0
15.200593085000001,0.0,0.0,0.0
15.250818608000001,0.0,0.0,0.0
15.300588666000001,0.0,0.0,0.0
15.350469713,0.0,0.0,0.0
15.400583362,0.0,0.0,0.0
15.451877887,0.0,0.0,0.0
15.500604099,0.0,0.0,0.0
15.551105922000001,0.0,0.0,0.0
15.600621711,0.0,0.0,0.0
15.651696498000002,0.0,0.0,0.0
15.700578543,0.0,0.0,0.0
15.751348228000001,0.0,0.0,0.0
15.800590947000002,0.0,0.0,0.0
15.851709483,0.0,0.0,0.0
15.900590275,0.0,0.0,0.0
15.950760692000001,0.0,0.0,0.0
16.000590331,0.0,0.0,0.0
16.052173497000002,0.0,0.0,0.0
16.100586168,0.0,0.0,0.0
16.152061522,0.0,0.0,0.0
16.200716744,0.0,0.0,0.0
16.251742154000002,0.0,0.0,0.0
16.300585082,0.0,0.0,0.0
16.351059611,0.0,0.0,0.0
16.400577325,0.0,0.0,0.0
16.451180604,0.0,0.0,0.0
16.500609152000003,0.0,0.0,0.0
16.55091837,0.0,0.0,0.0
16.600599260000003,0.0,0.0,0.0
16.650529783,0.0,0.0,0.0
16.700602701,0.0,0.0,0.0
16.750799004,0.0,0.0,0.0
16.800577341,0.0,0.0,0.0
16.850840934,0.0,0.0,0.0
16.900594217000002,0.0,0.0,0.0
16.950721559,0.0,0.0,0.0
17.000586143,0.0,0.0,0.0
17.050913692,0.0,0.0,0.0
17.100595726,0.0,0.0,0.0
17.150449841,0.0,0.0,0.0
17.200599059,0.0,0.0,0.0
17.251809413,0.0,0.0,0.0
17.300661558,0.0,0.0,0.0
17.350930045000002,0.0,0.0,0.0
17.400574006,0.0,0.0,0.0
17.451107387,0.0,0.0,0.0
17.500574682,0.0,0.0,0.0
17.551139209000002,0.0,0.0,0.0
17.600596452,0.0,0.0,0.0
17.650492338,0.0,0.0,0.0
17.700601921,0.0,0.0,0.0
17.750439682,0.0,0.0,0.0
17.800598483,0.0,0.0,0.0
17.851321965,0.0,0.0,0.0
17.900577125,0.0,0.0,0.0
17.951502636,0.0,0.0,0.0
18.000576808,0.0,0.0,0.0
18.051822628,0.0,0.0,0.0
18.100588365,0.0,0.0,0.0
18.1518808,0.0,0.0,0.0
18.200597579,0.0,0.0,0.0
18.25103049,0.0,0.0,0.0
18.300646428,0.0,0.0,0.0
18.350499031000002,0.0,0.0,0.0
18.400614861,0.0,0.0,0.0
18.451353498,0.0,0.0,0.0
18.500647668000003,0.0,0.0,0.0
18.550443657000002,0.0,0.0,0.0
18.600582768000002,0.0,0.0,0.0
18.65086167,0.0,0.0,0.0
18.700537295,0.0,0.0,0.0
18.751648898000003,0.0,0.0,0.0
18.800579894000002,0.0,0.0,0.0
18.85226446,0.0,0.0,0.0
18.900634,0.0,0.0,0.0
18.951113627,0.0,0.0,0.0
19.000629252,0.0,0.0,0.0
19.050792214,0.0,0.0,0.0
19.100588878,0.0,0.0,0.0
19.151098140000002,0.0,0.0,0.0
19.200570171000003,0.0,0.0,0.0
19.250438293000002,0.0,0.0,0.0
19.30059688,0.0,0.0,0.0
19.350780103,0.0,0.0,0.0
19.400590569000002,0.0,0.0,0.0
19.451532015,0.0,0.0,0.0
19.500590195,0.0,0.0,0.0
19.551501381,0.0,0.0,0.0
19.600656331,0.0,0.0,0.0
19.651073302,0.0,0.0,0.0
19.700636218,0.0,0.0,0.0
19.750954388,0.0,0.0,0.0
19.800577303,0.0,0.0,0.0
19.850480997000002,0.0,0.0,0.0
19.900588645000003,0.0,0.0,0.0
19.951602276000003,0.0,0.0,0.0
20.000588371000003,0.0,0.0,0.0
20.050598885000003,0.0,0.0,0.0
20.100575493,0.0,0.0,0.0
20.151260533000002,0.0,0.0,0.0
20.200600324,0.0,0.0,0.0
20.251591402000003,0.0,0.0,0.0
20.300571196,0.0,0.0,0.0
20.351911386,0.0,0.0,0.0
20.400560505,0.0,0.0,0.0
20.451928820000003,0.0,0.0,0.0
20.500554242,0.0,0.0,0.0
20.550950065000002,0.0,0.0,0.0
20.600589801,0.0,0.0,0.0
20.651152029000002,0.0,0.0,0.0
20.700645516,0.0,0.0,0.0
20.751865968,0.0,0.0,0.0
20.800562639000002,0.0,0.0,0.0
20.850519455,0.0,0.0,0.0
20.90057955,0.0,0.0,0.0
20.950697144000003,0.0,0.0,0.0
21.000595157000003,0.0,0.0,0.0
21.051294621,0.0,0.0,0.0
21.100594566,0.0,0.0,0.0
21.151234969,0.0,0.0,0.0
21.200590382,0.0,0.0,0.0
21.25168953,0.0,0.0,0.0
21.300572968,0.0,0.0,0.0
21.350460409,0.0,0.0,0.0
21.400653471000002,0.0,0.0,0.0
21.451155697,0.0,0.0,0.0
21.500594079000003,0.0,0.0,0.0
21.550483706,0.0,0.0,0.0
21.600592342000002,0.0,0.0,0.0
21.651529513,0.0,0.0,0.0
21.7005917,0.0,0.0,0.0
21.750534243,0.0,0.0,0.0
21.80062564,0.0,0.0,0.0
21.852020566,0.0,0.0,0.0
21.900565516,0.0,0.0,0.0
21.951319874000003,0.0,0.0,0.0
22.000535494,0.0,0.0,0.0
22.051089125,0.0,0.0,0.0
22.100593753000002,0.0,0.0,0.0
22.150495983000003,0.0,0.0,0.0
22.200648627,0.0,0.0,0.0
22.250330702000003,0.0,0.0,0.0
22.300642668000002,0.0,0.0,0.0
22.350938279,0.0,0.0,0.0
22.400564678000002,0.0,0.0,0.0
22.451078152,0.0,0.0,0.0
22.500570073000002,0.0,0.0,0.0
22.551429481000003,0.0,0.0,0.0
22.600583488,0.0,0.0,0.0
22.651654874000002,0.0,0.0,0.0
22.700576748000003,0.0,0.0,0.0
22.750459706,0.0,0.0,0.0
22.800591361000002,0.0,0.0,0.0
22.852283678000003,0.0,0.0,0.0
22.900591284,0.0,0.0,0.0
22.95104809,0.0,0.0,0.0
23.000642299000003,0.0,0.0,0.0
23.051928421000003,0.0,0.0,0.0
23.100575451,0.0,0.0,0.0
23.150786999,0.0,0.0,0.0
23.200629591000002,0.0,0.0,0.0
23.250753483,0.0,0.0,0.0
23.301753305000002,0.0,0.0,0.0
23.350738041000003,0.0,0.0,0.0
23.40063907,0.0,0.0,0.0
23.451531445,0.0,0.0,0.0
23.500630867,0.0,0.0,0.0
23.550871842000003,0.0,0.0,0.0
23.600572769000003,0.0,0.0,0.0
23.651601445,0.0,0.0,0.0
23.700576649000002,0.0,0.0,0.0
23.750677364,0.0,0.0,0.0
23.800583185,0.0,0.0,0.0
23.851966649,0.0,0.0,0.0
23.900583364000003,0.0,0.0,0.0
23.950513923000003,0.0,0.0,0.0
24.000601147,0.0,0.0,0.0
24.051381177000003,0.0,0.0,0.0
24.100589971,0.0,0.0,0.0
24.151795883000002,0.0,0.0,0.0
24.20055942,0.0,0.0,0.0
24.250469979000002,0.0,0.0,0.0
24.300564077,0.0,0.0,0.0
24.350844112,0.0,0.0,0.0
24.400623786,0.0,0.0,0.0
24.451496264000003,0.0,0.0,0.0
24.500579902000002,0.0,0.0,0.0
24.550469523,0.0,0.0,0.0
24.600596643000003,0.0,0.0,0.0
24.651935835000003,0.0,0.0,0.0
24.700663956000003,0.0,0.0,0.0
24.751807004,0.0,0.0,0.0
24.800558718,0.0,0.0,0.0
24.851089844,0.0,0.0,0.0
24.900614154000003,0.0,0.0,0.0
24.951313505,0.0,0.0,0.0
25.000592036,0.0,0.0,0.0
25.051101234,0.0,0.0,0.0
25.100598669,0.0,0.0,0.0
25.150803494,0.0,0.0,0.0
25.200774571,0.0,0.0,0.0
25.251258351,0.0,0.0,0.0
25.300772141000003,0.0,0.0,0.0
25.350591396000002,0.0,0.0,0.0
25.400563723,0.0,0.0,0.0
25.450595424000003,0.0,0.0,0.0
25.500578636,0.0,0.0,0.0
25.551730172000003,0.0,0.0,0.0
25.600617612,0.0,0.0,0.0
25.650907905,0.0,0.0,0.0
25.70062112,0.0,0.0,0.0
25.751405054000003,0.0,0.0,0.0
25.800609731,0.0,0.0,0.0
25.851629236,0.0,0.0,0.0
25.900834588000002,0.0,0.0,0.0
25.950572124,0.0,0.0,0.0
26.00076752,0.0,0.0,0.0
26.050444326,0.0,0.0,0.0
26.100852116000002,0.0,0.0,0.0
26.150462152000003,0.0,0.0,0.0
26.20087213,0.0,0.0,0.0
26.250497791,0.0,0.0,0.0
26.300876727000002,0.0,0.0,0.0
26.351981385000002,0.0,0.0,0.0
26.40089799,0.0,0.0,0.0
26.451680412,0.0,0.0,0.0
26.500635298000002,0.0,0.0,0.0
26.552146047,0.0,0.0,0.0
26.600626197,0.0,0.0,0.0
26.651006279,0.0,0.0,0.0
26.70066345,0.0,0.0,0.0
26.750450464,0.0,0.0,0.0
26.800603621,0.0,0.0,0.0
26.851716248000002,0.0,0.0,0.0
26.900645715000003,0.0,0.0,0.0
26.951900422,0.0,0.0,0.0
27.00065687,0.0,0.0,0.0
27.051931109,0.0,0.0,0.0
27.100689276,0.0,0.0,0.0
27.150449205,0.0,0.0,0.0
27.200639703,0.0,0.0,0.0
27.250948377,0.0,0.0,0.0
27.300881117000003,0.0,0.0,0.0
27.350815784,0.0,0.0,0.0
27.400691909000003,0.0,0.0,0.0
27.450620899,0.0,0.0,0.0
27.50085848,0.0,0.0,0.0
27.550918563000003,0.0,0.0,0.0
27.600719949000002,0.0,0.0,0.0
27.651543359,0.0,0.0,0.0
27.700628085,0.0,0.0,0.0
27.751772429000003,0.0,0.0,0.0
27.800694553000003,0.0,0.0,0.0
27.852137383000002,0.0,0.0,0.0
27.90070232,0.0,0.0,0.0
27.951919838000002,0.0,0.0,0.0
28.000765190000003,0.0,0.0,0.0
28.050523033,0.0,0.0,0.0
28.100684727,0.0,0.0,0.0
28.151403813,0.0,0.0,0.0
28.200680046000002,0.0,0.0,0.0
28.252012250000003,0.0,0.0,0.0
28.300678906,0.0,0.0,0.0
28.351093619,0.0,0.0,0.0
28.400664016,0.0,0.0,0.0
28.451442788,0.0,0.0,0.0
28.500678813,0.0,0.0,0.0
28.551550501,0.0,0.0,0.0
28.600683454000002,0.0,0.0,0.0
28.651105042,0.0,0.0,0.0
28.700677262000003,0.0,0.0,0.0
28.751731344000003,0.0,0.0,0.0
28.800693987000002,0.0,0.0,0.0
28.850514850000003,0.0,0.0,0.0
28.900652532000002,0.0,0.0,0.0
28.951741768,0.0,0.0,0.0
29.001104457,0.0,0.0,0.0
29.050787559000003,0.0,0.0,0.0
29.100704410000002,0.0,0.0,0.0
29.15074251,0.0,0.0,0.0
29.200777432000002,0.0,0.0,0.0
29.25051793,0.0,0.0,0.0
29.300902068000003,0.0,0.0,0.0
29.351378914,0.0,0.0,0.0
29.40068103,0.0,0.0,0.0
29.451363239000003,0.0,0.0,0.0
29.500670824,0.0,0.0,0.0
29.551413136,0.0,0.0,0.0
29.600702753,0.0,0.0,0.0
29.651805687000003,0.0,0.0,0.0
29.700754265,0.0,0.0,0.0
29.751755637000002,0.0,0.0,0.0
29.800748589,0.0,0.0,0.0
29.851299392,0.0,0.0,0.0
29.900751661,0.0,0.0,0.0
29.951006215000003,0.0,0.0,0.0
30.002571956,0.0,0.0,0.0
30.050597779,0.0,0.0,0.0
30.10070697,0.0,0.0,0.0
30.151708132000003,0.0,0.0,0.0
30.200889831,0.0,0.0,0.0
30.251933024000003,0.0,0.0,0.0
30.300726601,0.0,0.0,0.0
30.3503784,0.0,0.0,0.0
30.400679516,0.0,0.0,0.0
30.451276879,0.0,0.0,0.0
30.500721441000003,0.0,0.0,0.0
30.550439593000004,0.0,0.0,0.0
30.600658835,0.0,0.0,0.0
30.650872921,0.0,0.0,0.0
30.700666333,0.0,0.0,0.0
30.750458964000003,0.0,0.0,0.0
30.800834402000003,0.0,0.0,0.0
30.852002593,0.0,0.0,0.0
30.900654034000002,0.0,0.0,0.0
30.950503121,0.0,0.0,0.0
31.000714653000003,0.0,0.0,0.0
31.051177692000003,0.0,0.0,0.0
31.100649491000002,0.0,0.0,0.0
31.151315706000002,0.0,0.0,0.0
31.200660631,0.0,0.0,0.0
31.250644039,0.0,0.0,0.0
31.300667656,0.0,0.0,0.0
31.350744762,0.0,0.0,0.0
31.400724056,0.0,0.0,0.0
31.451795840000003,0.0,0.0,0.0
31.500659884,0.0,0.0,0.0
31.551687085,0.0,0.0,0.0
31.602856733000003,0.0,0.0,0.0
31.650762868,0.0,0.0,0.0
31.700645705000003,0.0,0.0,0.0
31.750445886,0.0,0.0,0.0
31.800659918,0.0,0.0,0.0
31.851348371,0.0,0.0,0.0
31.900668659,0.0,0.0,0.0
31.951660181,0.0,0.0,0.0
32.000673284,0.0,0.0,0.0
32.05043862,0.0,0.0,0.0
32.100675774,0.0,0.0,0.0
32.150900689000004,0.0,0.0,0.0
32.200725556,0.0,0.0,0.0
32.25185916,0.0,0.0,0.0
32.302757507,0.0,0.0,0.0
32.350801347,0.0,0.0,0.0
32.400728348,0.0,0.0,0.0
32.451861536,0.0,0.0,0.0
32.500669329000004,0.0,0.0,0.0
32.551636685000005,0.0,0.0,0.0
32.600674787,0.0,0.0,0.0
32.650801891,0.0,0.0,0.0
32.700643996000004,0.0,0.0,0.0
32.751441927,0.0,0.0,0.0
32.800661226,0.0,0.0,0.0
32.850415623,0.0,0.0,0.0
32.90065939,0.0,0.0,0.0
32.950465818000005,0.0,0.0,0.0
33.000671043000004,0.0,0.0,0.0
33.051379702000006,0.0,0.0,0.0
33.100677071,0.0,0.0,0.0
33.151444532,0.0,0.0,0.0
33.200666016,0.0,0.0,0.0
33.251291811,0.0,0.0,0.0
33.300663607000004,0.0,0.0,0.0
33.352194862000005,0.0,0.0,0.0
33.400713176000004,0.0,0.0,0.0
33.450933506000005,0.0,0.0,0.0
33.500670558,0.0,0.0,0.0
33.550793181,0.0,0.0,0.0
33.600653982000004,0.0,0.0,0.0
33.652167946,0.0,0.0,0.0
33.700635948,0.0,0.0,0.0
33.750917371,0.0,0.0,0.0
33.80069359,0.0,0.0,0.0
33.851038189,0.0,0.0,0.0
33.900649251000004,0.0,0.0,0.0
33.951631916000004,0.0,0.0,0.0
34.00066564,0.0,0.0,0.0
34.052462151,0.0,0.0,0.0
34.101040931,0.0,0.0,0.0
34.150833034,0.0,0.0,0.0
34.200726438000004,0.0,0.0,0.0
34.25245446,0.0,0.0,0.0
34.302510415,0.0,0.0,0.0
34.352241893,0.0,0.0,0.0
34.400664112,0.0,0.0,0.0
34.4506109,0.0,0.0,0.0
34.500855759000004,0.0,0.0,0.0
34.55269852,0.0,0.0,0.0
34.600627306,0.0,0.0,0.0
34.651579711000004,0.0,0.0,0.0
34.700662393,0.0,0.0,0.0
34.750519703,0.0,0.0,0.0
34.80064024,0.0,0.0,0.0
34.850467081000005,0.0,0.0,0.0
34.900637616000004,0.0,0.0,0.0
34.950924295,0.0,0.0,0.0
35.000592699,0.0,0.0,0.0
35.051082606,0.0,0.0,0.0
35.100653406,0.0,0.0,0.0
35.150981231,0.0,0.0,0.0
35.200598594,0.0,0.0,0.0
35.250770847000005,0.0,0.0,0.0
35.300624823,0.0,0.0,0.0
35.351386185,0.0,0.0,0.0
35.400647041,0.0,0.0,0.0
35.450339142000004,0.0,0.0,0.0
35.500585926,0.0,0.0,0.0
35.550776044,0.0,0.0,0.0
35.602602501,0.0,0.0,0.0
35.651902054000004,0.0,0.0,0.0
35.702380138,0.0,0.0,0.0
35.750405849,0.0,0.0,0.0
35.800615914000005,0.0,0.0,0.0
35.850752542,0.0,0.0,0.0
35.900645369,0.0,0.0,0.0
35.951928184,0.0,0.0,0.0
36.000656438,0.0,0.0,0.0
36.050697701000004,0.0,0.0,0.0
36.102508167,0.0,0.0,0.0
36.15242464,0.0,0.0,0.0
36.200579826,0.0,0.0,0.0
36.250672443,0.0,0.0,0.0
36.30059803,0.0,0.0,0.0
36.351085435,0.0,0.0,0.0
36.400600870000005,0.0,0.0,0.0
36.450356458,0.0,0.0,0.0
36.500690323,0.0,0.0,0.0
36.551702411,0.0,0.0,0.0
36.600581080000005,0.0,0.0,0.0
36.651591970000005,0.0,0.0,0.0
36.700687148,0.0,0.0,0.0
36.751966369,0.0,0.0,0.0
36.800596864,0.0,0.0,0.0
36.852404412000006,0.0,0.0,0.0
36.900608242000004,0.0,0.0,0.0
36.952062407,0.0,0.0,0.0
37.000640765,0.0,0.0,0.0
37.0520129,0.0,0.0,0.0
37.100588497000004,0.0,0.0,0.0
37.150490281,0.0,0.0,0.0
37.200587427,0.0,0.0,0.0
37.250943321,0.0,0.0,0.0
37.300573231,0.0,0.0,0.0
37.352160260000005,0.0,0.0,0.0
37.400574192,0.0,0.0,0.0
37.451453571,0.0,0.0,0.0
37.500661506,0.0,0.0,0.0
37.551522552,0.0,0.0,0.0
37.60060528,0.0,0.0,0.0
37.650463054,0.0,0.0,0.0
37.700969883,0.0,0.0,0.0
37.75064745,0.0,0.0,0.0
37.800622202,0.0,0.0,0.0
37.850820961000004,0.0,0.0,0.0
37.90066816,0.0,0.0,0.0
37.950500775,0.0,0.0,0.0
38.002329518,0.0,0.0,0.0
38.050911312000004,0.0,0.0,0.0
38.100617158000006,0.0,0.0,0.0
38.150774770000005,0.0,0.0,0.0
38.200608948,0.0,0.0,0.0
38.250444845000004,0.0,0.0,0.0
38.300617145000004,0.0,0.0,0.0
38.350922829000005,0.0,0.0,0.0
38.400612633,0.0,0.0,0.0
38.451961745000006,0.0,0.0,0.0
38.500658434,0.0,0.0,0.0
38.550849796,0.0,0.0,0.0
38.600649703,0.0,0.0,0.0
38.651088980000004,0.0,0.0,0.0
38.700698108000005,0.0,0.0,0.0
38.750547338000004,0.0,0.0,0.0
38.800621774,0.0,0.0,0.0
38.850819125,0.0,0.0,0.0
38.900608042,0.0,0.0,0.0
38.950520238,0.0,0.0,0.0
39.000620245,0.0,0.0,0.0
39.050528483,0.0,0.0,0.0
39.100625521000005,0.0,0.0,0.0
39.150608811000005,0.0,0.0,0.0
39.200594704000004,0.0,0.0,0.0
39.250450338,0.0,0.0,0.0
39.300869822,0.0,0.0,0.0
39.352718146,0.0,0.0,0.0
39.400717027000006,0.0,0.0,0.0
39.450566567,0.0,0.0,0.0
39.500968603000004,0.0,0.0,0.0
39.550788248,0.0,0.0,0.0
39.600696798,0.0,0.0,0.0
39.650847482,0.0,0.0,0.0
39.702057687,0.0,0.0,0.0
39.750812967,0.0,0.0,0.0
39.800983130000006,0.0,0.0,0.0
39.852666819,0.0,0.0,0.0
39.900611897000005,0.0,0.0,0.0
39.952322252,0.0,0.0,0.0
40.000703314,0.0,0.0,0.0
40.051958674000005,0.0,0.0,0.0
40.10176915,0.0,0.0,0.0
40.151082027,0.0,0.0,0.0
40.200644433,0.0,0.0,0.0
40.2513361,0.0,0.0,0.0
40.300675122,0.0,0.0,0.0
40.350795023,0.0,0.0,0.0
40.401020496,0.0,0.0,0.0
40.451458207,0.0,0.0,0.0
40.500689991,0.0,0.0,0.0
40.551989933,0.0,0.0,0.0
40.600788231,0.0,0.0,0.0
40.650971517,0.0,0.0,0.0
40.700694338000005,0.0,0.0,0.0
40.750670126,0.0,0.0,0.0
40.80067659,0.0,0.0,0.0
40.850933677,0.0,0.0,0.0
40.900828005,0.0,0.0,0.0
40.950756083,0.0,0.0,0.0
41.000678953000005,0.0,0.0,0.0
41.051515133,0.0,0.0,0.0
41.100696075,0.0,0.0,0.0
41.150989806000005,0.0,0.0,0.0
41.200788182000004,0.0,0.0,0.0
41.252377823,0.0,0.0,0.0
41.302129325,0.0,0.0,0.0
41.351157301,0.0,0.0,0.0
41.400814587,0.0,0.0,0.0
41.451141390000004,0.0,0.0,0.0
41.500632377,0.0,0.0,0.0
41.551028605,0.0,0.0,0.0
41.600738077,0.0,0.0,0.0
41.652833645,0.0,0.0,0.0
41.700742061,0.0,0.0,0.0
41.750867045,0.0,0.0,0.0
41.800715941,0.0,0.0,0.0
41.854544155,0.0,0.0,0.0
41.900715430000005,0.0,0.0,0.0
41.952656688000005,0.0,0.0,0.0
42.000720287,0.0,0.0,0.0
42.052231493,0.0,0.0,0.0
42.100733581,0.0,0.0,0.0
42.152201719000004,0.0,0.0,0.0
42.201765554000005,0.0,0.0,0.0
42.253033195,0.0,0.0,0.0
42.300956551000006,0.0,0.0,0.0
42.352906194,0.0,0.0,0.0
42.400576038000004,0.0,0.0,0.0
42.451945959,0.0,0.0,0.0
42.500646512,0.0,0.0,0.0
42.553246962,0.0,0.0,0.0
42.600903371,0.0,0.0,0.0
42.650577245,0.0,0.0,0.0
42.700711168000005,0.0,0.0,0.0
42.751021998000006,0.0,0.0,0.0
42.800872986,0.0,0.0,0.0
42.853260709000004,0.0,0.0,0.0
42.900629253000005,0.0,0.0,0.0
42.952643126000005,0.0,0.0,0.0
43.000629148,0.0,0.0,0.0
43.051936751,0.0,0.0,0.0
43.100733041000005,0.0,0.0,0.0
43.152190366,0.0,0.0,0.0
43.200684608,0.0,0.0,0.0
43.252016271,0.0,0.0,0.0
43.301639961,0.0,0.0,0.0
43.350693616,0.0,0.0,0.0
43.400793343000004,0.0,0.0,0.0
43.452459966,0.0,0.0,0.0
43.500615239000005,0.0,0.0,0.0
43.552075376000005,0.0,0.0,0.0
43.600611019000006,0.0,0.0,0.0
43.652251812,0.0,0.0,0.0
43.703217685000006,0.0,0.0,0.0
43.752313366,0.0,0.0,0.0
43.800592061,0.0,0.0,0.0
43.850492913000004,0.0,0.0,0.0
43.902097062,0.0,0.0,0.0
43.952045784000006,0.0,0.0,0.0
44.001181739,0.0,0.0,0.0
44.050477986000004,0.0,0.0,0.0
44.100589606,0.0,0.0,0.0
44.151810728,0.0,0.0,0.0
44.200623283000006,0.0,0.0,0.0
44.251753739,0.0,0.0,0.0
44.300684718,0.0,0.0,0.0
44.350529494,0.0,0.0,0.0
44.40057534,0.0,0.0,0.0
44.451890721000005,0.0,0.0,0.0
44.500903461,0.0,0.0,0.0
44.552577654000004,0.0,0.0,0.0
44.600706802000005,0.0,0.0,0.0
44.651055111000005,0.0,0.0,0.0
44.700607943,0.0,0.0,0.0
44.750573798000005,0.0,0.0,0.0
44.800841180000006,0.0,0.0,0.0
44.852798993,0.0,0.0,0.0
44.901253224,0.0,0.0,0.0
44.953011488,0.0,0.0,0.0
45.000584834,0.0,0.0,0.0
45.051856594,0.0,0.0,0.0
45.100611830000005,0.0,0.0,0.0
45.153204110000004,0.0,0.0,0.0
45.200661897,0.0,0.0,0.0
45.251204889,0.0,0.0,0.0
45.300623588,0.0,0.0,0.0
45.351942218000005,0.0,0.0,0.0
45.400585644,0.0,0.0,0.0
45.450922307000006,0.0,0.0,0.0
45.501000147000006,0.0,0.0,0.0
45.552525210000006,0.0,0.0,0.0
45.600562719,0.0,0.0,0.0
45.650609781,0.0,0.0,0.0
45.700664550000006,0.0,0.0,0.0
45.752132328,0.0,0.0,0.0
45.800688005000005,0.0,0.0,0.0
45.852348372,0.0,0.0,0.0
45.900611029000004,0.0,0.0,0.0
45.952199384000004,0.0,0.0,0.0
46.00070222,0.0,0.0,0.0
46.052284327,0.0,0.0,0.0
46.100988389,0.0,0.0,0.0
46.152342293000004,0.0,0.0,0.0
46.200592712,0.0,0.0,0.0
46.251736276,0.0,0.0,0.0
46.300800244,0.0,0.0,0.0
46.350480701,0.0,0.0,0.0
46.401379972,0.0,0.0,0.0
46.450712241000005,0.0,0.0,0.0
46.500861444,0.0,0.0,0.0
46.552030058,0.0,0.0,0.0
46.600678762,0.0,0.0,0.0
46.652098232,0.0,0.0,0.0
46.700589194,0.0,0.0,0.0
46.751206519,0.0,0.0,0.0
46.800696738000006,0.0,0.0,0.0
46.851625596000005,0.0,0.0,0.0
46.900677343000005,0.0,0.0,0.0
46.950875778000004,0.0,0.0,0.0
47.001353398000006,0.0,0.0,0.0
47.054236202000006,0.0,0.0,0.0
47.101597733000006,0.0,0.0,0.0
47.151556352,0.0,0.0,0.0
47.200586904000005,0.0,0.0,0.0
47.251202685,0.0,0.0,0.0
47.300949454000005,0.0,0.0,0.0
47.352231407000005,0.0,0.0,0.0
47.401242950000004,0.0,0.0,0.0
47.450632574000004,0.0,0.0,0.0
47.500663164,0.0,0.0,0.0
47.551535477,0.0,0.0,0.0
47.600662685,0.0,0.0,0.0
47.651141659000004,0.0,0.0,0.0
47.703163575000005,0.0,0.0,0.0
47.752043729,0.0,0.0,0.0
47.800579339,0.0,0.0,0.0
47.850757106,0.0,0.0,0.0
47.900628514000005,0.0,0.0,0.0
47.952002557,0.0,0.0,0.0
48.003419564000005,0.0,0.0,0.0
48.052704374,0.0,0.0,0.0
48.100626221000006,0.0,0.0,0.0
48.15221753,0.0,0.0,0.0
48.201934737,0.0,0.0,0.0
48.251552217000004,0.0,0.0,0.0
48.300582839,0.0,0.0,0.0
48.350718799000006,0.0,0.0,0.0
48.400902358,0.0,0.0,0.0
48.452182089000004,0.0,0.0,0.0
48.500614396,0.0,0.0,0.0
48.552201956000005,0.0,0.0,0.0
48.600678424,0.0,0.0,0.0
48.652070174,0.0,0.0,0.0
48.700623508,0.0,0.0,0.0
48.750572771,0.0,0.0,0.0
48.800587235,0.0,0.0,0.0
48.850815275,0.0,0.0,0.0
48.900640092,0.0,0.0,0.0
48.951322516000005,0.0,0.0,0.0
49.000622916000005,0.0,0.0,0.0
49.051636707,0.0,0.0,0.0
49.102582017,0.0,0.0,0.0
49.152100724,0.0,0.0,0.0
49.200723183,0.0,0.0,0.0
49.250958941,0.0,0.0,0.0
49.300936969000006,0.0,0.0,0.0
49.350998633,0.0,0.0,0.0
49.400786579000005,0.0,0.0,0.0
49.451748502,0.0,0.0,0.0
49.500780808,0.0,0.0,0.0
49.550780864000004,0.0,0.0,0.0
49.600710304,0.0,0.0,0.0
49.651886837000006,0.0,0.0,0.0
49.700666777,0.0,0.0,0.0
49.750510602000006,0.0,0.0,0.0
49.802630826000005,0.0,0.0,0.0
49.851473057,0.0,0.0,0.0
49.901749454000004,0.0,0.0,0.0
49.9523668,0.0,0.0,0.0
50.000599477,0.0,0.0,0.0
50.050521436000004,0.0,0.0,0.0
50.101071342000004,0.0,0.0,0.0
50.15067287,0.0,0.0,0.0
50.200833134,0.0,0.0,0.0
50.250445441000004,0.0,0.0,0.0
50.300690123,0.0,0.0,0.0
50.350916473000005,0.0,0.0,0.0
50.400994663000006,0.0,0.0,0.0
50.451097278000006,0.0,0.0,0.0
50.500610535,0.0,0.0,0.0
50.552348218000006,0.0,0.0,0.0
50.600754573,0.0,0.0,0.0
50.652370604000005,0.0,0.0,0.0
50.701530517,0.0,0.0,0.0
50.751044971000006,0.0,0.0,0.0
50.802683031,0.0,0.0,0.0
50.851037835,0.0,0.0,0.0
50.903061181000005,0.0,0.0,0.0
50.950860072000005,0.0,0.0,0.0
51.000681332000006,0.0,0.0,0.0
51.050563105,0.0,0.0,0.0
51.100610587000006,0.0,0.0,0.0
51.151114840000005,0.0,0.0,0.0
51.202311719,0.0,0.0,0.0
51.250650027000006,0.0,0.0,0.0
51.300957532000005,0.0,0.0,0.0
51.35095444700001,0.0,0.0,0.0
51.400724723,0.0,0.0,0.0
51.450525099000004,0.0,0.0,0.0
51.500802816000004,0.0,0.0,0.0
51.550645218,0.0,0.0,0.0
51.601621394000006,0.0,0.0,0.0
51.652095598,0.0,0.0,0.0
51.70111939900001,0.0,0.0,0.0
51.750760731,0.0,0.0,0.0
51.800611622000005,0.0,0.0,0.0
51.852215648000005,0.0,0.0,0.0
51.901145518,0.0,0.0,0.0
51.952168218000004,0.0,0.0,0.0
52.000656994,0.0,0.0,0.0
52.050625233000005,0.0,0.0,0.0
52.101296411,0.0,0.0,0.0
52.150967341000005,0.0,0.0,0.0
52.200691025000005,0.0,0.0,0.0
52.251796319,0.0,0.0,0.0
52.300540065,0.0,0.0,0.0
52.352008494,0.0,0.0,0.0
52.400680738000005,0.0,0.0,0.0
52.451136524000006,0.0,0.0,0.0
52.500666429000006,0.0,0.0,0.0
52.551217048000005,0.0,0.0,0.0
52.600638007,0.0,0.0,0.0
52.652105394,0.0,0.0,0.0
52.700893511000004,0.0,0.0,0.0
52.750513978,0.0,0.0,0.0
52.800614389,0.0,0.0,0.0
52.850610182000004,0.0,0.0,0.0
52.901378242,0.0,0.0,0.0
52.952224001000005,0.0,0.0,0.0
53.000699098000005,0.0,0.0,0.0
53.051874870000006,0.0,0.0,0.0
53.10086157400001,0.0,0.0,0.0
53.150775462000006,0.0,0.0,0.0
53.200976348000005,0.0,0.0,0.0
53.253312299,0.0,0.0,0.0
53.302329624,0.0,0.0,0.0
53.350809669,0.0,0.0,0.0
53.400650336000005,0.0,0.0,0.0
53.450601043000006,0.0,0.0,0.0
53.501240784000004,0.0,0.0,0.0
53.551631596,0.0,0.0,0.0
53.600639339000004,0.0,0.0,0.0
53.652051387,0.0,0.0,0.0
53.701530065,0.0,0.0,0.0
53.752549085000005,0.0,0.0,0.0
53.800638445000004,0.0,0.0,0.0
53.852344006,0.0,0.0,0.0
53.900625393000006,0.0,0.0,0.0
53.951631516000006,0.0,0.0,0.0
54.000534236,0.0,0.0,0.0
54.051355537000006,0.0,0.0,0.0
54.100656337000004,0.0,0.0,0.0
54.151925815000006,0.0,0.0,0.0
54.200645067,0.0,0.0,0.0
54.250979393,0.0,0.0,0.0
54.301266068000004,0.0,0.0,0.0
54.351977121000004,0.0,0.0,0.0
54.400606280000005,0.0,0.0,0.0
54.450848012,0.0,0.0,0.0
54.501010066000006,0.0,0.0,0.0
54.551052342000006,0.0,0.0,0.0
54.603017729,0.0,0.0,0.0
54.652138602,0.0,0.0,0.0
54.700665168,0.0,0.0,0.0
54.753394581,0.0,0.0,0.0
54.801734763000006,0.0,0.0,0.0
54.852966022000004,0.0,0.0,0.0
54.903677614,0.0,0.0,0.0
54.952262263,0.0,0.0,0.0
55.000687609,0.0,0.0,0.0
55.050588721000004,0.0,0.0,0.0
55.101773175000005,0.0,0.0,0.0
55.150970774,0.0,0.0,0.0
55.200872095,0.0,0.0,0.0
55.251335955,0.0,0.0,0.0
55.300683641000006,0.0,0.0,0.0
55.350579754,0.0,0.0,0.0
55.40255245,0.0,0.0,0.0
55.451601630000006,0.0,0.0,0.0
55.502901278,0.0,0.0,0.0
55.551996078,0.0,0.0,0.0
55.600585727,0.0,0.0,0.0
55.65188298,0.0,0.0,0.0
55.702076038,0.0,0.0,0.0
55.750632097,0.0,0.0,0.0
55.802088707,0.0,0.0,0.0
55.850944112,0.0,0.0,0.0
55.900864771,0.0,0.0,0.0
55.952326867000004,0.0,0.0,0.0
56.000743324000005,0.0,0.0,0.0
56.050842191,0.0,0.0,0.0
56.100703534000004,0.0,0.0,0.0
56.151166057000005,0.0,0.0,0.0
56.200692282000006,0.0,0.0,0.0
56.251904146,0.0,0.0,0.0
56.300699310000006,0.0,0.0,0.0
56.351180581,0.0,0.0,0.0
56.400735032,0.0,0.0,0.0
56.450882644,0.0,0.0,0.0
56.501276321000006,0.0,0.0,0.0
56.551503611,0.0,0.0,0.0
56.601082070000004,0.0,0.0,0.0
56.652184155,0.0,0.0,0.0
56.701378127000005,0.0,0.0,0.0
56.750542831000004,0.0,0.0,0.0
56.800597485000004,0.0,0.0,0.0
56.850560540000004,0.0,0.0,0.0
56.900614013,0.0,0.0,0.0
56.952327817000004,0.0,0.0,0.0
57.000701171,0.0,0.0,0.0
57.050677622,0.0,0.0,0.0
57.100684122000004,0.0,0.0,0.0
57.151095523,0.0,0.0,0.0
57.200591352000004,0.0,0.0,0.0
57.251505039,0.0,0.0,0.0
57.301051852,0.0,0.0,0.0
57.351017576000004,0.0,0.0,0.0
57.400582563,0.0,0.0,0.0
57.452126335,0.0,0.0,0.0
57.50061754,0.0,0.0,0.0
57.550560765,0.0,0.0,0.0
57.602107297,0.0,0.0,0.0
57.651792740000005,0.0,0.0,0.0
57.70254623700001,0.0,0.0,0.0
57.752291829,0.0,0.0,0.0
57.800722937,0.0,0.0,0.0
57.85229811600001,0.0,0.0,0.0
57.900671800000005,0.0,0.0,0.0
57.951663673000006,0.0,0.0,0.0
58.000867209000006,0.0,0.0,0.0
58.050514548,0.0,0.0,0.0
58.101008093000004,0.0,0.0,0.0
58.152161094,0.0,0.0,0.0
58.200860469000006,0.0,0.0,0.0
58.250864538,0.0,0.0,0.0
58.300627333,0.0,0.0,0.0
58.351527186000006,0.0,0.0,0.0
58.400593133,0.0,0.0,0.0
58.450956068,0.0,0.0,0.0
58.500691783,0.0,0.0,0.0
58.550534517,0.0,0.0,0.0
58.601193980000005,0.0,0.0,0.0
58.65211008000001,0.0,0.0,0.0
58.700663847,0.0,0.0,0.0
58.751349453,0.0,0.0,0.0
58.801384248000005,0.0,0.0,0.0
58.851265369000004,0.0,0.0,0.0
58.900589377,0.0,0.0,0.0
58.950432336000006,0.0,0.0,0.0
59.000870332000005,0.0,0.0,0.0
59.050509877,0.0,0.0,0.0
59.10067129,0.0,0.0,0.0
59.151698385,0.0,0.0,0.0
59.200598587,0.0,0.0,0.0
59.251625110000006,0.0,0.0,0.0
59.301202370000006,0.0,0.0,0.0
59.352258368,0.0,0.0,0.0
59.401026294000005,0.0,0.0,0.0
59.452079428000005,0.0,0.0,0.0
59.500668416,0.0,0.0,0.0
59.551869710000005,0.0,0.0,0.0
59.600676485,0.0,0.0,0.0
59.652208523000006,0.0,0.0,0.0
59.700959003,0.0,0.0,0.0
59.752258515,0.0,0.0,0.0
59.800663878,0.0,0.0,0.0
59.852171861,0.0,0.0,0.0
59.900618486000006,0.0,0.0,0.0
59.952305211,0.0,0.0,0.0
60.000596802000004,0.0,0.0,0.0
60.05169406300001,0.0,0.0,0.0
60.100926276,0.0,0.0,0.0
60.151897978,0.0,0.0,0.0
60.200624988,0.0,0.0,0.0
60.25037084,0.0,0.0,0.0
60.300620124000005,0.0,0.0,0.0
60.351222442,0.0,0.0,0.0
60.400681556,0.0,0.0,0.0
60.452131693000005,0.0,0.0,0.0
60.500596129,0.0,0.0,0.0
60.550655799000005,0.0,0.0,0.0
60.60062048100001,0.0,0.0,0.0
60.651443658000005,0.0,0.0,0.0
60.70061218,0.0,0.0,0.0
60.750942862,0.0,0.0,0.0
60.800635908000004,0.0,0.0,0.0
60.85160938600001,0.0,0.0,0.0
60.901755679000004,0.0,0.0,0.0
60.95151279700001,0.0,0.0,0.0
61.000594523000004,0.0,0.0,0.0
61.051790332,0.0,0.0,0.0
61.100601620000006,0.0,0.0,0.0
61.151279883,0.0,0.0,0.0
61.201375505,0.0,0.0,0.0
61.251613558,0.0,0.0,0.0
61.30059326400001,0.0,0.0,0.0
61.350675137,0.0,0.0,0.0
61.400598903,0.0,0.0,0.0
61.450651352,0.0,0.0,0.0
61.500595949,0.0,0.0,0.0
61.550614235000005,0.0,0.0,0.0
61.600638927000006,0.0,0.0,0.0
61.650411512000005,0.0,0.0,0.0
61.700598425,0.0,0.0,0.0
61.751695600000005,0.0,0.0,0.0
61.800580629,0.0,0.0,0.0
61.850973618000005,0.0,0.0,0.0
61.900625296,0.0,0.0,0.0
61.950775147,0.0,0.0,0.0
62.001678455000004,0.0,0.0,0.0
62.051770448000006,0.0,0.0,0.0
62.100603885000005,0.0,0.0,0.0
62.151510422,0.0,0.0,0.0
62.20059804900001,0.0,0.0,0.0
62.250444653,0.0,0.0,0.0
62.301098354000004,0.0,0.0,0.0
62.351192586,0.0,0.0,0.0
62.400652515000004,0.0,0.0,0.0
62.45059994100001,0.0,0.0,0.0
62.501079339,0.0,0.0,0.0
62.550453079,0.0,0.0,0.0
62.600624074,0.0,0.0,0.0
62.650884746,0.0,0.0,0.0
62.70058516900001,0.0,0.0,0.0
62.752400196,0.0,0.0,0.0
62.800635732,0.0,0.0,0.0
62.850544835,0.0,0.0,0.0
62.90065460300001,0.0,0.0,0.0
62.95065240500001,0.0,0.0,0.0
63.000600734,0.0,0.0,0.0
63.051714348000004,0.0,0.0,0.0
63.101242099000004,0.0,0.0,0.0
63.151660218,0.0,0.0,0.0
63.200583506,0.0,0.0,0.0
63.250500171000006,0.0,0.0,0.0
63.300581818000005,0.0,0.0,0.0
63.351775996,0.0,0.0,0.0
63.400623406,0.0,0.0,0.0
63.452104114,0.0,0.0,0.0
63.500639894,0.0,0.0,0.0
63.551682005,0.0,0.0,0.0
63.60081704,0.0,0.0,0.0
63.652280406,0.0,0.0,0.0
63.70062162400001,0.0,0.0,0.0
63.751902927,0.0,0.0,0.0
63.800573587,0.0,0.0,0.0
63.851062277000004,0.0,0.0,0.0
63.900627644000004,0.0,0.0,0.0
63.95227074700001,0.0,0.0,0.0
64.00060765900001,0.0,0.0,0.0
64.050972052,0.0,0.0,0.0
64.10061064,0.0,0.0,0.0
64.15058018100001,0.0,0.0,0.0
64.20060982000001,0.0,0.0,0.0
64.25120949800001,0.0,0.0,0.0
64.300634465,0.0,0.0,0.0
64.350778778,0.0,0.0,0.0
64.401254616,0.0,0.0,0.0
64.45129368100001,0.0,0.0,0.0
64.500694067,0.0,0.0,0.0
64.551041795,0.0,0.0,0.0
64.60061820300001,0.0,0.0,0.0
64.65054035300001,0.0,0.0,0.0
64.70060478,0.0,0.0,0.0
64.751061714,0.0,0.0,0.0
64.80056630700001,0.0,0.0,0.0
64.851730511,0.0,0.0,0.0
64.900592016,0.0,0.0,0.0
64.951340653,0.0,0.0,0.0
65.000599457,0.0,0.0,0.0
65.051339866,0.0,0.0,0.0
65.100603878,0.0,0.0,0.0
65.151270077,0.0,0.0,0.0
65.20058731200001,0.0,0.0,0.0
65.251996344,0.0,0.0,0.0
65.300621209,0.0,0.0,0.0
65.350448387,0.0,0.0,0.0
65.40058110300001,0.0,0.0,0.0
65.451040606,0.0,0.0,0.0
65.500643018,0.0,0.0,0.0
65.551926283,0.0,0.0,0.0
65.600707693,0.0,0.0,0.0
65.65089457,0.0,0.0,0.0
65.700589471,0.0,0.0,0.0
65.752030479,0.0,0.0,0.0
65.800577644,0.0,0.0,0.0
65.85106063900001,0.0,0.0,0.0
65.900649892,0.0,0.0,0.0
65.951918592,0.0,0.0,0.0
66.00059690500001,0.0,0.0,0.0
66.050603975,0.0,0.0,0.0
66.10058261200001,0.0,0.0,0.0
66.15209816000001,0.0,0.0,0.0
66.200585348,0.0,0.0,0.0
66.25150065000001,0.0,0.0,0.0
66.300592823,0.0,0.0,0.0
66.35117509,0.0,0.0,0.0
66.400607433,0.0,0.0,0.0
66.451887017,0.0,0.0,0.0
66.500569548,0.0,0.0,0.0
66.550437051,0.0,0.0,0.0
66.600547183,0.0,0.0,0.0
66.65044942200001,0.0,0.0,0.0
66.700624442,0.0,0.0,0.0
66.751273525,0.0,0.0,0.0
66.800582183,0.0,0.0,0.0
66.852236836,0.0,0.0,0.0
66.900660662,0.0,0.0,0.0
66.95125685100001,0.0,0.0,0.0
67.00063005,0.0,0.0,0.0
67.051972666,0.0,0.0,0.0
67.100618395,0.0,0.0,0.0
67.151366181,0.0,0.0,0.0
67.200624914,0.0,0.0,0.0
67.252212711,0.0,0.0,0.0
67.300640339,0.0,0.0,0.0
67.35188702800001,0.0,0.0,0.0
67.400587281,0.0,0.0,0.0
67.452071965,0.0,0.0,0.0
67.50059354000001,0.0,0.0,0.0
67.55121613200001,0.0,0.0,0.0
67.600638233,0.0,0.0,0.0
67.65152496200001,0.0,0.0,0.0
67.700638919,0.0,0.0,0.0
67.750456392,0.0,0.0,0.0
67.800578988,0.0,0.0,0.0
67.85089615000001,0.0,0.0,0.0
67.90059084100001,0.0,0.0,0.0
67.950511184,0.0,0.0,0.0
68.00072378600001,0.0,0.0,0.0
68.051914352,0.0,0.0,0.0
68.10061233100001,0.0,0.0,0.0
68.151606982,0.0,0.0,0.0
68.20065013,0.0,0.0,0.0
68.25140262100001,0.0,0.0,0.0
68.300575963,0.0,0.0,0.0
68.351249243,0.0,0.0,0.0
68.400603347,0.0,0.0,0.0
68.450880108,0.0,0.0,0.0
68.50059630700001,0.0,0.0,0.0
68.551962375,0.0,0.0,0.0
68.60059885,0.0,0.0,0.0
68.651458776,0.0,0.0,0.0
68.700596862,0.0,0.0,0.0
68.75054965000001,0.0,0.0,0.0
68.800582011,0.0,0.0,0.0
68.85160510200001,0.0,0.0,0.0
68.90058452400001,0.0,0.0,0.0
68.950896142,0.0,0.0,0.0
69.002777222,0.4,0.15,0.0
69.05184491600001,0.39776179388941485,0.15,0.0
69.10067003200001,0.3946841942456651,0.15,0.0
69.150997534,0.38857994898434317,0.15,0.0
69.20061433400001,0.38258691705653464,0.15,0.0
69.250625985,0.37334340798766424,0.15,0.0
69.3006154,0.3674358375149773,0.15,0.0
69.35174354200001,0.3583928985490319,0.15,0.0
69.400603238,0.3525046127706566,0.15,0.0
69.451472815,0.34337089679188765,0.15,0.0
69.500633467,0.33734665273367326,0.15,0.0
69.551627302,0.3285174099749725,0.15,0.0
69.600603078,0.3226380287558776,0.15,0.0
69.65156483300001,0.3137767226639386,0.15,0.0
69.700631121,0.3077650260820586,0.15,0.0
69.75157751200001,0.2986882658454397,0.15,0.0
69.800832946,0.29296907690144863,0.15,0.0
69.85058129800001,0.28368421879588546,0.15,0.0
69.90066920800001,0.27775944783172934,0.15,0.0
69.950961731,0.2687558490417628,0.15,0.0
70.000657548,0.2632248001617644,0.15,0.0
70.05043132600001,0.2545209626482372,0.15,0.0
70.10082644100001,0.24868780256922327,0.15,0.0
70.152220353,0.23918172163228013,0.15,0.0
70.200600638,0.23352563768033668,0.15,0.0
70.250973621,0.22446420246089244,0.15,0.0
70.300602467,0.21863425750274593,0.15,0.0
70.350831923,0.2097844268864389,0.15,0.0
70.400617835,0.20399531412088376,0.15,0.0
70.450598725,0.19819341182171515,0.15,0.0
70.500618153,0.18891675442801187,0.15,0.0
70.550571755,0.17996265629920566,0.14397012503936454,0.0
70.60064341600001,0.1736988722542952,0.13895909780343615,0.0
70.650969425,0.16517184046323022,0.13213747237058418,0.0
70.70060426,0.1595286552734427,0.12762292421875418,0.0
70.751381885,0.15127885158833304,0.12102308127066644,0.0
70.800614212,0.14639215732701033,0.11711372586160827,0.0
70.850784045,0.1391373528014379,0.11130988224115033,0.0
70.900616322,0.13485445051935135,0.10788356041548108,0.0
70.951781943,0.12864743022011804,0.10291794417609444,0.0
71.000618392,0.12488110476742559,0.09990488381394047,0.0
71.05123657300001,0.11908124715930174,0.0952649977274414,0.0
71.100621503,0.11471334067717875,0.09177067254174301,0.0
71.15066474700001,0.11080312596658648,0.08864250077326918,0.0
71.200658309,0.10472585715539912,0.08378068572431929,0.0
71.251904128,0.09889482391718424,0.0791158591337474,0.0
71.300637568,0.09561622325707092,0.07649297860565674,0.0
71.35150702300001,0.09079683552706808,0.07263746842165446,0.0
71.40062589,0.08778383958887648,0.07022707167110119,0.0
71.45141800900001,0.08322009022403037,0.0665760721792243,0.0
71.500613013,0.08067301550778488,0.06453841240622792,0.0
71.550638863,0.07687951591197101,0.06150361272957681,0.0
71.60075152600001,0.07409595972914973,0.059276767783319785,0.0
71.650545839,0.07005131546156584,0.05604105236925268,0.0
71.70061283000001,0.06796157596000169,0.05436926076800135,0.0
71.75048005100001,0.0649702580156678,0.05197620641253425,0.0
71.80062219,0.06271708685544114,0.050173669484352916,0.0
71.851754591,0.05906975342784487,0.0472558027422759,0.0
71.900592202,0.057179861121459785,0.04574388889716783,0.0
71.950666865,0.054467231872943056,0.043573785498354445,0.0
72.00061164600001,0.052664012104457314,0.04213120968356585,0.0
72.051367693,0.05018429966595511,0.04014743973276409,0.0
72.10061525900001,0.04852976967638484,0.038823815741107874,0.0
72.151062069,0.04571540168195648,0.036572321345565185,0.0
72.200619028,0.044144291250770296,0.035315433000616236,0.0
72.25207124900001,0.04188349313344891,0.033506794506759134,0.0
72.300619517,0.040288843991596546,0.03223107519327724,0.0
72.35058283800001,0.03834352845298633,0.030674822762389066,0.0
72.400681352,0.03713246536218934,0.02970597228975147,0.0
72.45103671400001,0.03555473533776038,0.028443788270208305,0.0
72.500601641,0.03432643923591555,0.02746115138873244,0.0
72.550786865,0.03291081333800683,0.026328650670405462,0.0
72.600597234,0.031885449095559404,0.025508359276447526,0.0
72.65041479,0.030304448057895117,0.024243558446316094,0.0
72.700598451,0.02925702939706315,0.02340562351765052,0.0
72.75131695,0.027798262763147674,0.02223861021051814,0.0
72.80061164600001,0.026578895239716682,0.021263116191773346,0.0
72.851569447,0.02552158356084011,0.02041726684867209,0.0
72.900620593,0.024480939697853643,0.019584751758282917,0.0
72.95045498600001,0.023253447154452156,0.018602757723561725,0.0
73.00066012,0.02255743539703159,0.018045948317625272,0.0
73.051957478,0.02167247502825731,0.017337980022605847,0.0
73.100611688,0.02081106199856886,0.016648849598855087,0.0
73.15221797000001,0.01952991866257081,0.015623934930056649,0.0
73.200588722,0.018860310768290034,0.015088248614632028,0.0
73.251209695,0.01781017047796829,0.014248136382374633,0.0
73.300602106,0.017280366951769932,0.013824293561415946,0.0
73.35251007400001,0.016568808084326758,0.013255046467461408,0.0
73.400614136,0.015895533995654243,0.012716427196523395,0.0
73.451932533,0.015086010878537726,0.012068808702830182,0.0
73.500608772,0.014425545369390835,0.01154043629551267,0.0
73.551972737,0.013323800749247994,0.010659040599398395,0.0
73.600604762,0.012815315985262143,0.010252252788209716,0.0
73.650643352,0.01263980632235806,0.010111845057886449,0.0
73.70059585700001,0.012118936515346734,0.009695149212277389,0.0
73.75087124400001,0.011752371026725106,0.009401896821380085,0.0
73.800601846,0.011398129444901317,0.009118503555921054,0.0
73.851185329,0.011223261897633674,0.00897860951810694,0.0
73.900608534,0.011040899199532606,0.008832719359626085,0.0
73.952309719,0.010150689156850745,0.008120551325480596,0.0
74.002621316,0.0094745307017981,0.007579624561438481,0.0
74.05373267,0.7853981633974482,0.0,0.4
74.10061271400001,0.7853971609467142,0.0,0.4
74.152207608,0.7760093271001175,0.0,0.4
74.200676958,0.7671031229116159,0.0,0.4
74.252077916,0.750402304332224,0.0,0.4
74.30063423600001,0.7376452513571906,0.0,0.4
74.352199498,0.7187247026725951,0.0,0.4
74.400593179,0.7062296227661464,0.0,0.4
74.452076003,0.6829093766413606,0.0,0.4
74.500598055,0.6704400894309303,0.0,0.4
74.55205083,0.6509930700857823,0.0,0.4
74.600833323,0.6383479935769707,0.0,0.4
74.651456084,0.6140292024907458,0.0,0.4
74.700825284,0.5958229604142501,0.0,0.4
74.750584649,0.5746983254745771,0.0,0.4
74.80058549900001,0.5592989251737629,0.0,0.4
74.85163629200001,0.5383496670364786,0.0,0.4
74.900613727,0.5277702632060958,0.0,0.4
74.95084524500001,0.5047447763465851,0.0,0.4
75.00060650200001,0.48670516137810815,0.0,0.4
75.051001127,0.4644663968983953,0.0,0.4
75.100611098,0.448230173163616,0.0,0.4
75.15129881700001,0.4248758914064661,0.0,0.4
75.200619652,0.4072771704056628,0.0,0.4
75.251462145,0.37849722984544054,0.0,0.4
75.300593887,0.361420722209737,0.0,0.4
75.351480646,0.33470254983540215,0.0,0.4
75.400594057,0.318191936614606,0.0,0.4
75.452010185,0.297428904425179,0.0,0.4
75.500608756,0.28289114195102405,0.0,0.4
75.551080404,0.25922126381649546,0.0,0.3888318957247432
75.600626007,0.24402923147826638,0.0,0.3660438472173996
75.65190886900001,0.2161563234383017,0.0,0.32423448515745257
75.700617844,0.20446845722128404,0.0,0.30670268583192606
75.752200726,0.17972435953180987,0.0,0.2695865392977148
75.800584059,0.16740112772260596,0.0,0.25110169158390894
75.850750903,0.15635377378641624,0.0,0.23453066067962436
75.900606697,0.14868800159987172,0.0,0.22303200239980758
75.950749907,0.13574975320826232,0.0,0.2036246298123935
76.00061163800001,0.12650098083013228,0.0,0.18975147124519842
76.051964301,0.11335601756668812,0.0,0.17003402635003217
76.100609913,0.10451264202637711,0.0,0.15676896303956567
76.151008096,0.09084200982585888,0.0,0.13626301473878832
76.200617042,0.08186323741816004,0.0,0.12279485612724006
76.251944603,0.07605525381419542,0.0,0.11408288072129313
76.300593652,0.06890947467430997,0.0,0.10336421201146495
76.350851069,0.0595137311491043,0.0,0.08927059672365645
76.400596354,0.05583686159645729,0.0,0.08375529239468593
76.451330803,0.052107096364619965,0.0,0.07816064454692995
76.50077690100001,0.050214403934929264,0.0,0.0753216059023939
76.550912248,0.050214403934929264,0.0,0.0753216059023939
76.600605351,0.050214403934929264,0.0,0.0753216059023939
76.65217132400001,0.050214403934929264,0.0,0.0753216059023939
76.70061305200001,0.048387021758205195,0.0,0.07258053263730779
76.751996441,0.0447471755156883,0.0,0.06712076327353245
76.80074037600001,0.04093955502469204,0.0,0.061409332537038064
76.85048999,0.0335023822513596,0.0,0.050253573377039396
76.90059889700001,0.0335023822513596,0.0,0.050253573377039396
76.950937572,0.03162665526383379,0.0,0.04743998289575069
77.002745358,0.029860357024894313,0.0,0.04479053553734147
77.053178814,0.4,0.15,0.0
77.10061207300001,0.3994765206353167,0.15,0.0
77.152214048,0.394063748353544,0.15,0.0
77.200615432,0.3897202664747959,0.15,0.0
77.252051384,0.38141116896062194,0.15,0.0
77.30062353000001,0.3758326835556639,0.15,0.0
77.350674423,0.36655411924431286,0.15,0.0
77.40058689300001,0.3606067520193025,0.15,0.0
77.45136276000001,0.35174774695185596,0.15,0.0
77.500609521,0.3463383992594018,0.15,0.0
77.551695979,0.3370296663238802,0.15,0.0
77.600609131,0.33064820394830835,0.15,0.0
77.65082912000001,0.32476614083218847,0.15,0.0
77.700622124,0.3157553438072691,0.15,0.0
77.75043674,0.3100366199761819,0.15,0.0
77.800613974,0.3012599343990064,0.15,0.0
77.851010149,0.2923412898206793,0.15,0.0
77.900622147,0.286076029509976,0.15,0.0
77.95143682700001,0.27694801789973766,0.15,0.0
78.00406162600001,0.27113072276701217,0.15,0.0
78.050499435,0.2624378004997495,0.15,0.0
78.100644396,0.25647078221950836,0.15,0.0
78.15065187200001,0.25067805521616937,0.15,0.0
78.201895934,0.24132341506067256,0.15,0.0
78.25484507200001,0.2323352421101041,0.15,0.0
78.30065419900001,0.22677299304555332,0.15,0.0
78.35105402900001,0.22080722075658374,0.15,0.0
78.400659413,0.21153806381568205,0.15,0.0
78.45149336200001,0.2054699767706576,0.15,0.0
78.500770969,0.19656875744150387,0.15,0.0
78.55077089400001,0.19017594966987902,0.15,0.0
78.600614117,0.18141352107407968,0.14513081685926374,0.0
78.653146738,0.17199433002396755,0.13759546401917405,0.0
78.700587616,0.16645272140507508,0.13316217712406006,0.0
78.75177095500001,0.15905576578706426,0.12724461262965142,0.0
78.800643085,0.1543065519972197,0.12344524159777577,0.0
78.851854449,0.1494450637938221,0.11955605103505769,0.0
78.901166755,0.1419560992245677,0.11356487937965416,0.0
78.953040609,0.1345245979977741,0.10761967839821929,0.0
79.000760639,0.1296602389297445,0.1037281911437956,0.0
79.05288556,0.1230238267137232,0.09841906137097856,0.0
79.100898111,0.11881946511260766,0.09505557209008614,0.0
79.15312958300001,0.11280118569690806,0.09024094855752646,0.0
79.201395335,0.10919653046928379,0.08735722437542703,0.0
79.252261745,0.10349469427773667,0.08279575542218934,0.0
79.30061228000001,0.10010609278641314,0.08008487422913052,0.0
79.35341863900001,0.09508595595545999,0.076068764764368,0.0
79.400612267,0.09204508055032112,0.0736360644402569,0.0
79.45115230600001,0.08708644577900099,0.06966915662320079,0.0
79.50061813800001,0.08433214956740309,0.06746571965392248,0.0
79.55222306200001,0.08022057386429321,0.06417645909143457,0.0
79.60060911400001,0.07720536726156096,0.06176429380924878,0.0
79.650482923,0.07359209216172208,0.058873673729377664,0.0
79.700670396,0.07131386136473788,0.05705108909179031,0.0
79.75078792900001,0.06788300900042232,0.05430640720033786,0.0
79.800585131,0.06580428404447497,0.05264342723557998,0.0
79.85221151900001,0.06256180206492806,0.05004944165194245,0.0
79.900661381,0.06081123189167459,0.048648985513339675,0.0
79.951265909,0.057629184460944005,0.046103347568755206,0.0
80.000674575,0.05557102339935471,0.04445681871948377,0.0
80.050469971,0.05372974022368915,0.04298379217895132,0.0
80.10078015500001,0.05093336129604786,0.04074668903683829,0.0
80.15155695600001,0.04847799290806676,0.03878239432645341,0.0
80.200623002,0.046906823497127326,0.03752545879770186,0.0
80.25078591100001,0.04455916048833375,0.035647328390667,0.0
80.30059594000001,0.04330196390671465,0.034641571125371716,0.0
80.35147236600001,0.04154921480814727,0.03323937184651782,0.0
80.400610332,0.0403259342272001,0.03226074738176008,0.0
80.450843076,0.03921951407923291,0.03137561126338633,0.0
80.50060368400001,0.03743899602496514,0.029951196819972117,0.0
80.55116707,0.03566991821989879,0.028535934575919034,0.0
80.600624325,0.03459167389078133,0.027673339112625064,0.0
80.650594702,0.03336966278606357,0.026695730228850856,0.0
80.700619239,0.03176565685104715,0.025412525480837722,0.0
80.751057378,0.030910193499599725,0.024728154799679783,0.0
80.80062149700001,0.029170773703103337,0.02333661896248267,0.0
80.850444916,0.027228867800015044,0.021783094240012037,0.0
80.900600237,0.026361590009993663,0.02108927200799493,0.0
80.95055375700001,0.02496427448256311,0.01997141958605049,0.0
81.000641845,0.023860633954910504,0.019088507163928403,0.0
81.052100048,0.02240481031386321,0.017923848251090568,0.0
81.100663976,0.021922061397894044,0.017537649118315235,0.0
81.15052146400001,0.021005567298174654,0.016804453838539724,0.0
81.20062778,0.02030516693727369,0.01624413354981895,0.0
81.252585877,0.019251028405184056,0.015400822724147245,0.0
81.300628767,0.018552930004342605,0.014842344003474084,0.0
81.35271252800001,0.017323670301806593,0.013858936241445276,0.0
81.400598508,0.016593591574077637,0.013274873259262111,0.0
81.451945003,0.01587141267382053,0.012697130139056424,0.0
81.500593506,0.015511107308243122,0.012408885846594497,0.0
81.552746426,0.014992451353941227,0.011993961083152982,0.0
81.600600951,0.014479573386940447,0.011583658709552358,0.0
81.65075918800001,0.013949948970615078,0.011159959176492063,0.0
81.700659692,0.013395587056251712,0.010716469645001371,0.0
81.752011135,0.012873169177273602,0.010298535341818883,0.0
81.80061714200001,0.012529618515162932,0.010023694812130347,0.0
81.852331887,0.011581182886548302,0.009264946309238643,0.0
81.900630807,0.011067807123462448,0.008854245698769959,0.0
81.952147249,0.010181573350139417,0.008145258680111534,0.0
82.00273691400001,0.00966257930349751,0.007730063442798008,0.0
82.05453796100001,-0.7853981633974483,0.0,-0.4
82.100616128,-0.7853984907768188,0.0,-0.4
82.152253598,-0.777918659656472,0.0,-0.4
82.20060673100001,-0.7706649431335026,0.0,-0.4
82.25063104,-0.757157282779297,0.0,-0.4
82.300642538,-0.7371520885391505,0.0,-0.4
82.354883794,-0.7160837052152502,0.0,-0.4
82.400612206,-0.7045567781988229,0.0,-0.4
82.45126868700001,-0.6908791316450806,0.0,-0.4
82.500627703,-0.6725718253945574,0.0,-0.4
82.55264237300001,-0.6531278587836664,0.0,-0.4
82.600649188,-0.6421549806838804,0.0,-0.4
82.650598922,-0.6200820787764978,0.0,-0.4
82.70059771300001,-0.6000320941474258,0.0,-0.4
82.75244339000001,-0.5754571779320348,0.0,-0.4
82.800618157,-0.5611060500768676,0.0,-0.4
82.852937333,-0.5364833922817256,0.0,-0.4
82.90061768800001,-0.5187256528480442,0.0,-0.4
82.95267648400001,-0.49597716084840227,0.0,-0.4
83.000609677,-0.48131907371230676,0.0,-0.4
83.05254359,-0.4602058819030719,0.0,-0.4
83.100626871,-0.44559397775810083,0.0,-0.4
83.153099217,-0.4215715191240299,0.0,-0.4
83.20060068500001,-0.40868598321775385,0.0,-0.4
83.25177337800001,-0.38115187844565424,0.0,-0.4
83.300601631,-0.36649431772716023,0.0,-0.4
83.350775888,-0.35176021124637,0.0,-0.4
83.400605442,-0.32657594656787814,0.0,-0.4
83.45183943,-0.3019825701652479,0.0,-0.4
83.50062524100001,-0.2887879376297513,0.0,-0.4
83.55277027800001,-0.2670056192025656,0.0,-0.4
83.600634103,-0.2520854356906199,0.0,-0.3781281535359299
83.651983235,-0.23012484826715496,0.0,-0.34518727240073244
83.700681867,-0.2170361705227235,0.0,-0.32555425578408526
83.752953089,-0.2003743007074934,0.0,-0.3005614510612401
83.80059693700001,-0.19320668989344647,0.0,-0.2898100348401697
83.851568252,-0.17956763698244382,0.0,-0.26935145547366574
83.900633162,-0.16866462421364092,0.0,-0.2529969363204614
83.95256126000001,-0.15203078915850843,0.0,-0.22804618373776264
84.000619767,-0.13882538805799394,0.0,-0.2082380820869909
84.051798777,-0.12057759547173608,0.0,-0.18086639320760411
84.100619026,-0.10937519450921274,0.0,-0.1640627917638191
84.15049452800001,-0.09789765502720826,0.0,-0.1468464825408124
84.20062719100001,-0.084869952384372,0.0,-0.127304928576558
84.250514983,-0.07337868992083663,0.0,-0.11006803488125494
84.300590725,-0.06795839773651224,0.0,-0.10193759660476837
84.35129676400001,-0.05881495725527808,0.0,-0.08822243588291712
84.400603524,-0.05881495725527808,0.0,-0.08822243588291712
84.451343674,-0.05696347273262736,0.0,-0.08544520909894104
84.500597732,-0.055131569586355456,0.0,-0.08269735437953318
84.550811115,-0.049651816873878984,0.0,-0.07447772531081848
84.600675525,-0.04414435129311223,0.0,-0.06621652693966834
84.65166986700001,-0.0330692210069633,0.0,-0.04960383151044495
84.702943919,-0.027372118110280064,0.0,-0.041058177165420096
84.754874568,0.4,0.15,0.0
84.800714455,0.39982511038362734,0.15,0.0
84.850870611,0.3950765127501823,0.15,0.0
84.900600936,0.39040680100844827,0.15,0.0
84.95064107200001,0.38497705935346627,0.15,0.0
85.000616058,0.37607119548731327,0.15,0.0
85.052573179,0.36707025531051846,0.15,0.0
85.10062571200001,0.36099588436847374,0.15,0.0
85.150590127,0.3546982956043673,0.15,0.0
85.200622503,0.3456083279394373,0.15,0.0
85.254703827,0.3376711433106485,0.15,0.0
85.30062497,0.33209454502053865,0.15,0.0
85.350877636,0.3231578194544828,0.15,0.0
85.400665507,0.3169383799355143,0.15,0.0
85.451379165,0.3073314335701526,0.15,0.0
85.500601418,0.30125993507307464,0.15,0.0
85.55064077300001,0.2922334090398021,0.15,0.0
85.60063252900001,0.28639541439457666,0.15,0.0
85.65089920300001,0.27749307662565875,0.15,0.0
85.70067895000001,0.2715316305793207,0.15,0.0
85.751233927,0.26265003501335693,0.15,0.0
85.800680271,0.25655092495471,0.15,0.0
85.85150882,0.24738832699956254,0.15,0.0
85.900658336,0.2416892644689408,0.15,0.0
85.951076156,0.232848062568497,0.15,0.0
86.00060235100001,0.22690411702723037,0.15,0.0
86.051582612,0.2176565079737767,0.15,0.0
86.10061021300001,0.21166131142551262,0.15,0.0
86.153659632,0.2031209574500841,0.15,0.0
86.20061240000001,0.19708882233276148,0.15,0.0
86.25074769700001,0.18840359934634412,0.15,0.0
86.30062047,0.18276910931072962,0.1462152874485837,0.0
86.35215030900001,0.17383470814528384,0.13906776651622707,0.0
86.40062474000001,0.1679952079611702,0.13439616636893617,0.0
86.45189913600001,0.15923842170762567,0.12739073736610054,0.0
86.50059776200001,0.15402674917849846,0.12322139934279877,0.0
86.55336955300001,0.1464820696517809,0.11718565572142473,0.0
86.600584846,0.1416128004237427,0.11329024033899415,0.0
86.652441212,0.13507771172841693,0.10806216938273355,0.0
86.70066645,0.13065108070938736,0.10452086456750989,0.0
86.752700038,0.12382629079243396,0.09906103263394717,0.0
86.80061952700001,0.11994421358369128,0.09595537086695304,0.0
86.85066083000001,0.1159759703770642,0.09278077630165137,0.0
86.900627203,0.1103789025804,0.08830312206432,0.0
86.95061997900001,0.10472806031865267,0.08378244825492215,0.0
87.000668062,0.10144827461206635,0.08115861968965309,0.0
87.052066263,0.09645802995136982,0.07716642396109585,0.0
87.100593829,0.09306276436866573,0.07445021149493258,0.0
87.154979842,0.08849900487785084,0.07079920390228067,0.0
87.200600733,0.08518594831966181,0.06814875865572945,0.0
87.251186884,0.080997844353557,0.0647982754828456,0.0
87.300595242,0.0785353497260578,0.06282827978084625,0.0
87.35067436300001,0.07592134506179538,0.0607370760494363,0.0
87.400616936,0.07244561385746201,0.05795649108596961,0.0
87.45068454800001,0.07018318486134206,0.05614654788907365,0.0
87.500610613,0.06663265667878016,0.053306125343024126,0.0
87.550965903,0.06455896289335578,0.051647170314684625,0.0
87.600615538,0.06173721361693302,0.04938977089354642,0.0
87.65081949,0.0588966401640556,0.04711731213124448,0.0
87.700618015,0.05717231086817054,0.04573784869453643,0.0
87.750822592,0.05553409744122706,0.04442727795298165,0.0
87.800625701,0.05325031482776382,0.04260025186221106,0.0
87.85094891600001,0.05060943317973726,0.04048754654378981,0.0
87.90060205500001,0.04887229768860063,0.039097838150880505,0.0
87.95114426900001,0.0464288474739194,0.03714307797913552,0.0
88.000670807,0.044854927927329646,0.03588394234186372,0.0
88.05156314,0.042488724418447976,0.03399097953475838,0.0
88.100611864,0.04090995968610278,0.032727967748882224,0.0
88.15136061800001,0.03861048884309315,0.03088839107447452,0.0
88.200615987,0.03717695979982716,0.02974156783986173,0.0
88.250539879,0.035595226459160356,0.028476181167328286,0.0
88.30062302600001,0.034193932422665885,0.027355145938132708,0.0
88.350633576,0.032263840380108044,0.025811072304086437,0.0
88.40060850500001,0.031213600579378886,0.024970880463503112,0.0
88.454007034,0.02962748627443129,0.023701989019545035,0.0
88.50059742100001,0.028749523985871994,0.022999619188697598,0.0
88.552511366,0.027511212842861232,0.022008970274288987,0.0
88.600629666,0.02646524823556462,0.021172198588451697,0.0
88.651242861,0.02506342033104303,0.020050736264834425,0.0
88.700621446,0.02382910694788859,0.019063285558310872,0.0
88.752398478,0.022749353641538017,0.018199482913230414,0.0
88.800612654,0.021894828722875403,0.017515862978300323,0.0
88.851001295,0.02083979330088559,0.016671834640708472,0.0
88.900619922,0.020321970139970336,0.016257576111976268,0.0
88.952230529,0.019425900157325426,0.015540720125860342,0.0
89.000607359,0.018903015716204175,0.01512241257296334,0.0
89.052279053,0.017953397832848272,0.014362718266278619,0.0
89.100609429,0.01744780031599591,0.013958240252796728,0.0
89.150699414,0.01674720350573894,0.013397762804591151,0.0
89.200613895,0.0162211246041829,0.012976899683346322,0.0
89.25221127500001,0.015343741883409034,0.012274993506727228,0.0
89.300620445,0.014992922998246616,0.011994338398597294,0.0
89.351002586,0.014439478845631626,0.011551583076505301,0.0
89.40065157500001,0.013227473315438776,0.010581978652351021,0.0
89.457358317,0.012527047020866044,0.010021637616692836,0.0
89.50059599500001,0.012333268740698511,0.009866614992558809,0.0
89.55106479400001,0.011281394618234852,0.009025115694587882,0.0
89.60073956100001,0.011115268678928092,0.008892214943142475,0.0
89.65242031700001,0.011115268678928092,0.008892214943142475,0.0
89.700580399,0.011115268678928092,0.008892214943142475,0.0
89.751305056,0.011115268678928092,0.008892214943142475,0.0
89.800625381,0.010416624038088462,0.00833329923047077,0.0
89.854748129,0.009532192702353892,0.007625754161883114,0.0
89.90306550000001,0.7853981633974483,0.0,0.4
89.95057556,0.7872360102118947,0.0,0.4
90.00060968000001,0.7801337654297276,0.0,0.4
90.052725979,0.7693265010559361,0.0,0.4
90.10071520800001,0.7582726232174992,0.0,0.4
90.150766566,0.7393886661760389,0.0,0.4
90.20059591500001,0.7263677536866121,0.0,0.4
90.25158988400001,0.7060672540246383,0.0,0.4
90.30059832900001,0.6908656122793946,0.0,0.4
90.35237935100001,0.6692258933325619,0.0,0.4
90.400608034,0.6525177412788565,0.0,0.4
90.451329426,0.6296188507541748,0.0,0.4
90.500650183,0.6133718645915599,0.0,0.4
90.550383761,0.5874822894578761,0.0,0.4
90.60072670400001,0.5727996178334273,0.0,0.4
90.655450336,0.5485433862932252,0.0,0.4
90.70070688000001,0.5322348212737362,0.0,0.4
90.751119711,0.5194333008005292,0.0,0.4
90.80059112900001,0.4949713372581661,0.0,0.4
90.85062994100001,0.4721528820114511,0.0,0.4
90.900635382,0.4538386584543752,0.0,0.4
90.952341167,0.4317088386141459,0.0,0.4
91.00065178300001,0.41117406476109775,0.0,0.4
91.05443735200001,0.39227189095858384,0.0,0.4
91.100617512,0.3887151242023268,0.0,0.4
91.151370844,0.38499127183173365,0.0,0.4
91.200666358,0.3741446705416547,0.0,0.2
91.25062039800001,0.36656043164843655,0.0,0.2
91.300610683,0.36471801909881596,0.0,0.2
91.352198668,0.3535798846612779,0.0,0.2
91.40072212700001,0.3483527360734959,0.0,0.2
91.452084041,0.3367967776872809,0.0,0.2
91.50060192800001,0.3189549666055975,0.0,0.2
91.553480925,0.2967852100505415,0.0,0.2
91.600606039,0.28330937336862605,0.0,0.2
91.652889993,0.2721068674651137,0.0,0.2
91.70061801300001,0.27030803306147644,0.0,0.2
91.75059653000001,0.2685062739241628,0.0,0.2
91.800974588,0.2502088893539385,0.0,0.2
91.85311892700001,0.23913889835352786,0.0,0.2
91.901427475,0.2281098650342417,0.0,0.2
91.95103271100001,0.22444960141049974,0.0,0.2
92.00057477700001,0.2092854069847785,0.0,0.2
92.050931082,0.18885747181141732,0.0,0.2
92.10063552800001,0.1777785950051849,0.0,0.2
92.150642285,0.17415354183975684,0.0,0.2
92.200984321,0.1684424093180441,0.0,0.2
92.25060955500001,0.1684424093180441,0.0,0.2
92.30092617700001,0.1665965715502522,0.0,0.2
92.35245902700001,0.1476128622809032,0.0,0.2
92.401693416,0.14207069010283946,0.0,0.2
92.451460459,0.12897313670235588,0.0,0.19345970505353383
92.502539189,0.11975561042707361,0.0,0.17963341564061042
92.551694889,0.11775352864019228,0.0,0.17663029296028843
92.60264618500001,0.1103540747115257,0.0,0.16553111206728854
92.65199972900001,0.09939713981455278,0.0,0.14909570972182917
92.70076552100001,0.0902152480945897,0.0,0.13532287214188454
92.752090163,0.07712211830042381,0.0,0.11568317745063572
92.80110358600001,0.07361937338419788,0.0,0.11042906007629683
92.85057524800001,0.07177706597770683,0.0,0.10766559896656025
92.901335433,0.06775022521537122,0.0,0.10162533782305683
92.95156301600001,0.06775022521537122,0.0,0.10162533782305683
93.00175581100001,0.06578536860283513,0.0,0.09867805290425269
93.051538284,0.06578536860283513,0.0,0.09867805290425269
93.10065051400001,0.06578536860283513,0.0,0.09867805290425269
93.15185242400001,0.06578536860283513,0.0,0.09867805290425269
93.20067197600001,0.06578536860283513,0.0,0.09867805290425269
93.251101778,0.06386968381356395,0.0,0.09580452572034592
93.30069401,0.058420806687770055,0.0,0.08763121003165508
93.352188963,0.042997393535031625,0.0,0.06449609030254744
93.400760831,0.041169250199359464,0.0,0.061753875299039196
93.450661521,0.041169250199359464,0.0,0.061753875299039196
93.50064038000001,0.041169250199359464,0.0,0.061753875299039196
93.55065626700001,0.041169250199359464,0.0,0.061753875299039196
93.60069663,0.041169250199359464,0.0,0.061753875299039196
93.65225136800001,0.041169250199359464,0.0,0.061753875299039196
93.700676013,0.041169250199359464,0.0,0.061753875299039196
93.75330084900001,0.03199549216031694,0.0,0.04799323824047541
93.803257054,0.02464604619959787,0.0,0.036969069299396806
93.853417515,0.4,0.075,0.0
93.90085941000001,0.3998252397628375,0.075,0.0
93.95148019800001,0.39906202637689914,0.075,0.0
94.000663164,0.3964228992252902,0.075,0.0
94.05186076700001,0.39397808858831873,0.075,0.0
94.100682156,0.3920717443542511,0.075,0.0
94.152586509,0.38828381188179684,0.075,0.0
94.200682869,0.38546095887319437,0.075,0.0
94.252915365,0.38267051175172784,0.075,0.0
94.300695872,0.3801179308235189,0.075,0.0
94.352700059,0.3760796852384388,0.075,0.0
94.40068549200001,0.37209298065139473,0.075,0.0
94.45122238100001,0.3683820848301361,0.075,0.0
94.502596893,0.36265215715254856,0.075,0.0
94.551208148,0.3580844090617846,0.075,0.0
94.600630933,0.355147611857563,0.075,0.0
94.652591791,0.35019954807952247,0.075,0.0
94.701265487,0.3471110929036879,0.075,0.0
94.754007879,0.3424061452949126,0.075,0.0
94.80070229900001,0.3392534642823547,0.075,0.0
94.850565253,0.33486684195241073,0.075,0.0
94.902674497,0.3317237192642536,0.075,0.0
94.952251292,0.327514080148382,0.075,0.0
95.00089005800001,0.3247112131482608,0.075,0.0
95.050935971,0.3215782021706398,0.075,0.0
95.102491678,0.31735449017665873,0.075,0.0
95.15081000800001,0.3143937611677067,0.075,0.0
95.200829518,0.30982788768437053,0.075,0.0
95.25126731900001,0.30538738501330953,0.075,0.0
95.302234909,0.30226918666029945,0.075,0.0
95.35147048900001,0.29792522716122205,0.075,0.0
95.400763927,0.29512586460762635,0.075,0.0
95.451826924,0.29200850848530296,0.075,0.0
95.50089137600001,0.28734134123736943,0.075,0.0
95.550968224,0.28438621665075714,0.075,0.0
95.60072380300001,0.2800659662522156,0.075,0.0
95.65217254100001,0.27534386496268753,0.075,0.0
95.700700173,0.27254290718551916,0.075,0.0
95.752956745,0.26839937893153853,0.075,0.0
95.80075679500001,0.26564352341351927,0.075,0.0
95.850596745,0.2628594987969834,0.075,0.0
95.900829634,0.2584591686286324,0.075,0.0
95.95088394700001,0.2544323105701268,0.075,0.0
96.001040802,0.251484710088855,0.075,0.0
96.05064964,0.2481746471017444,0.075,0.0
96.101433982,0.24360247286338266,0.075,0.0
96.15540206200001,0.23900281877350044,0.075,0.0
96.20070608,0.23605534204507264,0.075,0.0
96.251311482,0.23314767610739803,0.075,0.0
96.300650921,0.22894314786086029,0.075,0.0
96.351947607,0.22455411642088519,0.075,0.0
96.40064784,0.2217600490736635,0.075,0.0
96.45200884200001,0.2172147514009354,0.075,0.0
96.50212377400001,0.214292492106571,0.075,0.0
96.55069407200001,0.21151405354719985,0.075,0.0
96.60062746000001,0.20654839576910708,0.075,0.0
96.65107287900001,0.20247396256265768,0.075,0.0
96.700658074,0.19924519781163713,0.075,0.0
96.75197996600001,0.19478650162222347,0.075,0.0
96.800739046,0.19143037816047614,0.075,0.0
96.85313146,0.18713890570321398,0.075,0.0
96.900649536,0.18416380424843465,0.075,0.0
96.951589815,0.1794367487049071,0.075,0.0
97.00067268000001,0.17668956765923324,0.075,0.0
97.05137605700001,0.17212110205565617,0.075,0.0
97.10063786100001,0.16918741938139215,0.075,0.0
97.152540282,0.1649906468905724,0.075,0.0
97.20087994100001,0.161680663132013,0.075,0.0
97.250659037,0.1587216759888792,0.075,0.0
97.30084116500001,0.1543084697901545,0.075,0.0
97.350805346,0.15133604902886097,0.075,0.0
97.400657299,0.1467561881714637,0.075,0.0
97.45085874700001,0.1436448545276352,0.075,0.0
97.500621699,0.13893757803800372,0.075,0.0
97.55175096900001,0.13595005227533208,0.075,0.0
97.600657341,0.131422137548252,0.075,0.0
97.650578818,0.12829976830848588,0.075,0.0
97.701329951,0.12372159295135693,0.075,0.0
97.75250520600001,0.11935192547669676,0.075,0.0
97.80067733,0.11659337569400868,0.075,0.0
97.851895243,0.11346173255189307,0.075,0.0
97.900642219,0.10922814347877507,0.075,0.0
97.953840826,0.10490836057833719,0.075,0.0
98.000645238,0.10224789161455489,0.075,0.0
98.05140997800001,0.09767203511695915,0.075,0.0
98.100694243,0.09472747129013498,0.075,0.0
98.15112349600001,0.09192630024011955,0.07354104019209565,0.0
98.200655756,0.08755908071083712,0.0700472645686697,0.0
98.251635526,0.08485535143992479,0.06788428115193983,0.0
98.300654922,0.08108983694989197,0.06487186955991357,0.0
98.35224765100001,0.07693113577481397,0.06154490861985118,0.0
98.40059034500001,0.07432245653076847,0.05945796522461477,0.0
98.451340242,0.0706560200069386,0.056524816005550885,0.0
98.50064674400001,0.06809851427394703,0.05447881141915763,0.0
98.55282608,0.06452262350242155,0.05161809880193724,0.0
98.60070382100001,0.06208856439446053,0.04967085151556843,0.0
98.651507307,0.059823482102401127,0.0478587856819209,0.0
98.70067023,0.05682557407019656,0.04546045925615725,0.0
98.750925698,0.054899871380781395,0.04391989710462512,0.0
98.800690071,0.052038146520889506,0.041630517216711606,0.0
98.85203277800001,0.04951799859185563,0.0396143988734845,0.0
98.900783257,0.04789490373658212,0.0383159229892657,0.0
98.95187037500001,0.04506438566199572,0.03605150852959658,0.0
99.00065168500001,0.04350214174863215,0.03480171339890572,0.0
99.05076322400001,0.04158186310634249,0.03326549048507399,0.0
99.101263891,0.040004108987608256,0.032003287190086604,0.0
99.15295120900001,0.038190507601599755,0.030552406081279807,0.0
99.20065502300001,0.037172551413669874,0.0297380411309359,0.0
99.252664808,0.03526465027259568,0.028211720218076542,0.0
99.30064698000001,0.03437753915895614,0.027502031327164913,0.0
99.35191939100001,0.03316864226653071,0.02653491381322457,0.0
99.40064831100001,0.03135025421687859,0.025080203373502877,0.0
99.450767349,0.030108251962323973,0.02408660156985918,0.0
99.50064849600001,0.028897661569765365,0.023118129255812293,0.0
99.55319890300001,0.027640406845167664,0.022112325476134134,0.0
99.60072341300001,0.026410186905396094,0.021128149524316877,0.0
99.652407866,0.025148955738039214,0.020119164590431372,0.0
99.700687872,0.024241110411990174,0.019392888329592142,0.0
99.751819725,0.023544884959305012,0.018835907967444013,0.0
99.800748051,0.02264705025347874,0.018117640202782993,0.0
99.850648471,0.02212830798132165,0.01770264638505732,0.0
99.900658942,0.020893703551175702,0.016714962840940564,0.0
99.95157354000001,0.0,0.0,0.0
100.001111871,0.0,0.0,0.0
100.05260219200001,0.0,0.0,0.0
100.10062729100001,0.0,0.0,0.0
100.15145757500001,0.0,0.0,0.0
100.20063859800001,0.0,0.0,0.0
100.250795564,0.0,0.0,0.0
100.30060772200001,0.0,0.0,0.0
100.353045343,0.0,0.0,0.0
100.40084478700001,0.0,0.0,0.0
100.45098962,0.0,0.0,0.0
100.50064471,0.0,0.0,0.0
100.551571807,0.0,0.0,0.0
100.600612948,0.0,0.0,0.0
100.65118377900001,0.0,0.0,0.0
100.700618214,0.0,0.0,0.0
100.752882885,0.0,0.0,0.0
100.800760967,0.0,0.0,0.0
100.850738633,0.0,0.0,0.0
100.900639494,0.0,0.0,0.0
100.952370067,0.0,0.0,0.0
101.000605054,0.0,0.0,0.0
101.050693396,0.0,0.0,0.0
101.100612745,0.0,0.0,0.0
101.15090627500001,0.0,0.0,0.0
101.20059366800001,0.0,0.0,0.0
101.251751278,0.0,0.0,0.0
101.30060797300001,0.0,0.0,0.0
101.35117720500001,0.0,0.0,0.0
101.40058801100001,0.0,0.0,0.0
101.45358382100001,0.0,0.0,0.0
101.50062825100001,0.0,0.0,0.0
101.55091350000001,0.0,0.0,0.0
101.60064047300001,0.0,0.0,0.0
101.65333162600001,0.0,0.0,0.0
101.700566245,0.0,0.0,0.0
101.753896917,0.0,0.0,0.0
101.80063580500001,0.0,0.0,0.0
101.85251241,0.0,0.0,0.0
101.90057248100001,0.0,0.0,0.0
101.95178088200001,0.0,0.0,0.0
102.00059134600001,0.0,0.0,0.0
102.05276235900001,0.0,0.0,0.0
102.100588911,0.0,0.0,0.0
102.151303299,0.0,0.0,0.0
102.20060085,0.0,0.0,0.0
102.251155514,0.0,0.0,0.0
102.300553316,0.0,0.0,0.0
102.35311241400001,0.0,0.0,0.0
102.40078497200001,0.0,0.0,0.0
102.454822151,0.0,0.0,0.0
102.500591775,0.0,0.0,0.0
102.554586771,0.0,0.0,0.0
102.60058574700001,0.0,0.0,0.0
102.650611037,0.0,0.0,0.0
102.700632682,0.0,0.0,0.0
102.751131258,0.0,0.0,0.0
102.80175357200001,0.0,0.0,0.0
102.851570502,0.0,0.0,0.0
102.900568774,0.0,0.0,0.0
102.95061465,0.0,0.0,0.0
103.00055105800001,0.0,0.0,0.0
103.054022997,0.0,0.0,0.0
103.100581878,0.0,0.0,0.0
103.15213697700001,0.0,0.0,0.0
103.200585774,0.0,0.0,0.0
103.252063069,0.0,0.0,0.0
103.30059909600001,0.0,0.0,0.0
103.35296630100001,0.0,0.0,0.0
103.400596221,0.0,0.0,0.0
103.45216850700001,0.0,0.0,0.0
103.500576421,0.0,0.0,0.0
103.55737542300001,0.0,0.0,0.0
103.60058630600001,0.0,0.0,0.0
103.652425961,0.0,0.0,0.0
103.700594056,0.0,0.0,0.0
103.75111504,0.0,0.0,0.0
103.800595504,0.0,0.0,0.0
103.851340897,0.0,0.0,0.0
103.90059259600001,0.0,0.0,0.0
103.950505687,0.0,0.0,0.0
104.00060532200001,0.0,0.0,0.0
104.051031487,0.0,0.0,0.0
104.10060008100001,0.0,0.0,0.0
104.15106072200001,0.0,0.0,0.0
104.200622494,0.0,0.0,0.0
104.250963927,0.0,0.0,0.0
104.302338019,0.0,0.0,0.0
104.35035817400001,0.0,0.0,0.0
104.400591597,0.0,0.0,0.0
104.45415849000001,0.0,0.0,0.0
104.500643174,0.0,0.0,0.0
104.55352591600001,0.0,0.0,0.0
104.60056393,0.0,0.0,0.0
104.65437408000001,0.0,0.0,0.0
104.700654981,0.0,0.0,0.0
104.752068808,0.0,0.0,0.0
104.80072202500001,0.0,0.0,0.0
104.853327612,0.0,0.0,0.0
104.90066409900001,0.0,0.0,0.0
104.95463555100001,0.0,0.0,0.0
105.000589519,0.0,0.0,0.0
105.05264663000001,0.0,0.0,0.0
105.10059592100001,0.0,0.0,0.0
105.15363756900001,0.0,0.0,0.0
105.20077449300001,0.0,0.0,0.0
105.25192513100001,0.0,0.0,0.0
105.300582008,0.0,0.0,0.0
105.35270442500001,0.0,0.0,0.0
105.400674338,0.0,0.0,0.0
105.450648427,0.0,0.0,0.0
105.500588249,0.0,0.0,0.0
105.55269723,0.0,0.0,0.0
105.600628345,0.0,0.0,0.0
105.650616443,0.0,0.0,0.0
105.700589022,0.0,0.0,0.0
105.751030721,0.0,0.0,0.0
105.80061208800001,0.0,0.0,0.0
105.85500209700001,0.0,0.0,0.0
105.900656681,0.0,0.0,0.0
105.95104293200001,0.0,0.0,0.0
106.00058129700001,0.0,0.0,0.0
106.050883337,0.0,0.0,0.0
106.10064178500001,0.0,0.0,0.0
106.15261964700001,0.0,0.0,0.0
106.20055603700001,0.0,0.0,0.0
106.25065455500001,0.0,0.0,0.0
106.300645011,0.0,0.0,0.0
106.35098137000001,0.0,0.0,0.0
106.400772367,0.0,0.0,0.0
106.450589663,0.0,0.0,0.0
106.50059516900001,0.0,0.0,0.0
106.55244231600001,0.0,0.0,0.0
106.60059420500001,0.0,0.0,0.0
106.65124490800001,0.0,0.0,0.0
106.700592459,0.0,0.0,0.0
106.75263042,0.0,0.0,0.0
106.800591025,0.0,0.0,0.0
106.85114335700001,0.0,0.0,0.0
106.90058997400001,0.0,0.0,0.0
106.951597688,0.0,0.0,0.0
107.000617004,0.0,0.0,0.0
107.052333919,0.0,0.0,0.0
107.101004207,0.0,0.0,0.0
107.151901619,0.0,0.0,0.0
107.20058591700001,0.0,0.0,0.0
107.25238256200001,0.0,0.0,0.0
107.300592792,0.0,0.0,0.0
107.352337464,0.0,0.0,0.0
107.400599303,0.0,0.0,0.0
107.45147786300001,0.0,0.0,0.0
107.500569256,0.0,0.0,0.0
107.55144047200001,0.0,0.0,0.0
107.60057962100001,0.0,0.0,0.0
107.650801735,0.0,0.0,0.0
107.70064451200001,0.0,0.0,0.0
107.75090719500001,0.0,0.0,0.0
107.80060009,0.0,0.0,0.0
107.853047978,0.0,0.0,0.0
107.90059787000001,0.0,0.0,0.0
107.951966657,0.0,0.0,0.0
108.00060331700001,0.0,0.0,0.0
108.05263682900001,0.0,0.0,0.0
108.10057392300001,0.0,0.0,0.0
108.15076454400001,0.0,0.0,0.0
108.20068196300001,0.0,0.0,0.0
108.25178874400001,0.0,0.0,0.0
108.30058434600001,0.0,0.0,0.0
108.35170628200001,0.0,0.0,0.0
108.400592136,0.0,0.0,0.0
108.45147763700001,0.0,0.0,0.0
108.500810113,0.0,0.0,0.0
108.552147757,0.0,0.0,0.0
108.60055996000001,0.0,0.0,0.0
108.654855541,0.019672087641077807,0.015737670112862246,0.0
108.700581967,0.019672087641077807,0.015737670112862246,0.0
108.75092918700001,0.019672087641077807,0.015737670112862246,0.0
108.80080916200001,0.01951691413599127,0.015613531308793017,0.0
108.85093672100001,0.018816927695827823,0.01505354215666226,0.0
108.90058433700001,0.018471738737842636,0.014777390990274109,0.0
108.953154061,0.01776970912351772,0.014215767298814175,0.0
109.000610382,0.017599177786430775,0.014079342229144622,0.0
109.05177165200001,0.016357446630877293,0.013085957304701835,0.0
109.100618409,0.015141248207624525,0.01211299856609962,0.0
109.15101756600001,0.013894786095998646,0.011115828876798918,0.0
109.200621228,0.013729457801751332,0.010983566241401066,0.0
109.25128088000001,0.012838305208961953,0.010270644167169564,0.0
109.300621859,0.012321236147626702,0.009856988918101363,0.0
109.35145691100001,0.01176830535505946,0.00941464428404757,0.0
109.40061415800001,0.011256011634778962,0.00900480930782317,0.0
109.45178938400001,0.011082769525367298,0.008866215620293839,0.0
109.500575419,0.010911629890011265,0.008729303912009012,0.0
109.55350057700001,0.010911629890011265,0.008729303912009012,0.0
109.600595059,0.010426140359853509,0.008340912287882807,0.0
109.654411796,0.00972676922681659,0.007781415381453272,0.0
109.70268121400001,-0.7853981633974483,0.0,-0.4
109.751351635,-0.7817004081106818,0.0,-0.4
109.80061444500001,-0.7762910874067199,0.0,-0.4
109.85127597500001,-0.7613467066182815,0.0,-0.4
109.900743102,-0.7487106905676002,0.0,-0.4
109.95100228700001,-0.739426781192575,0.0,-0.4
110.000596537,-0.7172457097987184,0.0,-0.4
110.051317499,-0.7045122315170984,0.0,-0.4
110.10055069100001,-0.6864403037989217,0.0,-0.4
110.152416333,-0.6671942950054988,0.0,-0.4
110.20059035800001,-0.6560757942830044,0.0,-0.4
110.25102926400001,-0.6317135266850491,0.0,-0.4
110.300648616,-0.6191651221866217,0.0,-0.4
110.352854953,-0.5951351862135899,0.0,-0.4
110.40060704000001,-0.5805517500395498,0.0,-0.4
110.45359210400001,-0.5582145218570145,0.0,-0.4
110.50064905,-0.5453950276260229,0.0,-0.4
110.550778717,-0.5225718899835086,0.0,-0.4
110.60060690200001,-0.5079049796150363,0.0,-0.4
110.651007792,-0.48769599654250206,0.0,-0.4
110.70061782100001,-0.4617103318270275,0.0,-0.4
110.75131842100001,-0.4320836575647906,0.0,-0.4
110.80061249200001,-0.42092325498975014,0.0,-0.4
110.85279743000001,-0.40242998992347223,0.0,-0.4
110.900611139,-0.3933186956261916,0.0,-0.4
110.95214620200001,-0.37276600811720195,0.0,-0.4
111.00060724400001,-0.3545203679777724,0.0,-0.4
111.053993168,-0.32882158531846706,0.0,-0.4
111.10058236200001,-0.31591612406544267,0.0,-0.4
111.153119984,-0.2930900888411805,0.0,-0.4
111.20106748200001,-0.2783382263929144,0.0,-0.4
111.25099614000001,-0.26172821535005797,0.0,-0.39259232302508695
111.30059597600001,-0.24443050373003716,0.0,-0.36664575559505574
111.351388717,-0.21996928737789956,0.0,-0.32995393106684934
111.400615517,-0.203450118741193,0.0,-0.3051751781117895
111.45053230100001,-0.18310951386003316,0.0,-0.27466427079004974
111.500620944,-0.17212933574873124,0.0,-0.25819400362309686
111.55389432700001,-0.15363772193792946,0.0,-0.2304565829068942
111.60064355700001,-0.14627657700463215,0.0,-0.21941486550694822
111.65145827500001,-0.1294283997695178,0.0,-0.19414259965427672
111.700604874,-0.11985163722673664,0.0,-0.17977745584010496
111.750347769,-0.10688882804934163,0.0,-0.16033324207401245
111.80059019900001,-0.1032333686918725,0.0,-0.15485005303780874
111.851078494,-0.09364375645931278,0.0,-0.14046563468896917
111.900614028,-0.0859577202846965,0.0,-0.12893658042704476
111.950576134,-0.08055188899687604,0.0,-0.12082783349531406
112.00060531800001,-0.07503182303506839,0.0,-0.11254773455260259
112.051590554,-0.06543341886799026,0.0,-0.09815012830198538
112.100615148,-0.05990619080778392,0.0,-0.08985928621167588
112.15121906700001,-0.05611861949106167,0.0,-0.08417792923659251
112.20059071,-0.052443502907093986,0.0,-0.07866525436064098
112.25239935600001,-0.05058320241553316,0.0,-0.07587480362329974
112.300565856,-0.046944220654726476,0.0,-0.07041633098208971
112.351244351,-0.04512998747418795,0.0,-0.06769498121128192
112.400618651,-0.04317181118360902,0.0,-0.06475771677541353
112.45264862900001,-0.03929529850408564,0.0,-0.05894294775612846
112.500611659,-0.03929529850408564,0.0,-0.05894294775612846
112.552577321,-0.031995122087939754,0.0,-0.04799268313190963
112.60300714200001,-0.028322994554994874,0.0,-0.04248449183249231
112.65297414400001,0.4,0.15,0.0
112.70059210500001,0.3998258028187807,0.15,0.0
112.75325738500001,0.39453361477429305,0.15,0.0
112.800596623,0.38966603105894543,0.15,0.0
112.85102098,0.3815654591585757,0.15,0.0
112.90065761100001,0.37579704978057404,0.15,0.0
112.95212333600001,0.36644776955322944,0.15,0.0
113.00060877700001,0.3605224529968696,0.15,0.0
113.05081754000001,0.351504343336848,0.15,0.0
113.10066519300001,0.3456364531266392,0.15,0.0
113.151781576,0.3364882475667871,0.15,0.0
113.20060651600001,0.330894959335817,0.15,0.0
113.25092485200001,0.32138679871262277,0.15,0.0
113.30061377000001,0.3153530948515609,0.15,0.0
113.350775611,0.30624907154343073,0.15,0.0
113.400641178,0.3002764102654616,0.15,0.0
113.451755323,0.29117486086087346,0.15,0.0
113.50060734300001,0.28539084661739245,0.15,0.0
113.55072220900001,0.2794359043053996,0.15,0.0
113.600617305,0.27088130682869993,0.15,0.0
113.65070196600001,0.26236785826430586,0.15,0.0
113.70061784100001,0.25697721242776017,0.15,0.0
113.75081400100001,0.24820558401022702,0.15,0.0
113.800638688,0.24208037410545374,0.15,0.0
113.851367248,0.23320859163865418,0.15,0.0
113.90058664200001,0.22720533922921882,0.15,0.0
113.950742352,0.21793379979479122,0.15,0.0
114.000614912,0.21205753542759626,0.15,0.0
114.051734486,0.20341268196287732,0.15,0.0
114.100665887,0.1974208312990739,0.15,0.0
114.150612451,0.18882358513744557,0.15,0.0
114.20066087900001,0.18291536849893492,0.14633229479914794,0.0
114.251147129,0.17423949311619893,0.13939159449295915,0.0
114.30063082100001,0.168308319767416,0.13464665581393281,0.0
114.353336908,0.15991580010038473,0.12793264008030777,0.0
114.400616126,0.15459614178785117,0.12367691343028094,0.0
114.45247490000001,0.1465509538364712,0.11724076306917697,0.0
114.500591224,0.14183036050404935,0.11346428840323948,0.0
114.550487063,0.13516668555211286,0.1081333484416903,0.0
114.600615848,0.13052517643231648,0.10442014114585318,0.0
114.65331730000001,0.12393426963543097,0.09914741570834479,0.0
114.70060636100001,0.11996765870563225,0.0959741269645058,0.0
114.75272094300001,0.1138187386882093,0.09105499095056745,0.0
114.80060723700001,0.10982407124293625,0.087859256994349,0.0
114.851373674,0.10404584609694356,0.08323667687755486,0.0
114.90058995700001,0.10070897993343342,0.08056718394674674,0.0
114.95347614600001,0.09542821283572128,0.07634257026857703,0.0
115.000591955,0.09230282367692916,0.07384225894154332,0.0
115.05069638100001,0.08757014776083083,0.07005611820866467,0.0
115.100599942,0.08452736293570307,0.06762189034856246,0.0
115.15148444900001,0.08091147100420959,0.06472917680336768,0.0
115.20061032400001,0.07795700645128972,0.06236560516103178,0.0
115.251872972,0.07410587766831966,0.05928470213465573,0.0
115.30066231800001,0.07167164495143885,0.05733731596115108,0.0
115.350694824,0.06798127838368018,0.05438502270694415,0.0
115.400606248,0.06554358075738415,0.05243486460590732,0.0
115.451408055,0.06207596621055528,0.049660772968444226,0.0
115.500612465,0.06006077395702031,0.04804861916561625,0.0
115.551052952,0.0581452798711069,0.04651622389688553,0.0
115.600601287,0.055499935251896115,0.044399948201516895,0.0
115.650858459,0.052790152637928967,0.042232122110343176,0.0
115.70062682400001,0.051178379394053175,0.04094270351524254,0.0
115.752333179,0.04896620942456675,0.03917296753965341,0.0
115.800602002,0.0476448556828209,0.03811588454625672,0.0
115.85144610100001,0.04537241169752615,0.03629792935802092,0.0
115.90060808000001,0.04380662482423453,0.035045299859387626,0.0
115.95067538900001,0.04222642943902044,0.03378114355121636,0.0
116.000618751,0.03933658841108589,0.031469270728868716,0.0
116.051781891,0.03735189480046203,0.029881515840369622,0.0
116.10055828300001,0.036320345412145516,0.029056276329716413,0.0
116.15194562,0.03492046138855104,0.027936369110840832,0.0
116.200599628,0.033868918253560365,0.027095134602848292,0.0
116.25214018000001,0.03194296577643119,0.02555437262114495,0.0
116.30060785100001,0.030727486681298377,0.024581989345038704,0.0
116.35193264200001,0.02931513408869857,0.023452107270958856,0.0
116.400613574,0.028447592850631698,0.022758074280505358,0.0
116.450864198,0.027025321542495928,0.021620257233996742,0.0
116.500633046,0.025961046312352132,0.020768837049881708,0.0
116.551008866,0.024902631482189186,0.01992210518575135,0.0
116.60061778100001,0.02403344874370411,0.01922675899496329,0.0
116.65191721100001,0.02258228064204776,0.018065824513638206,0.0
116.70061689100001,0.02156353424966745,0.01725082739973396,0.0
116.75204089100001,0.02101422370978112,0.0168113789678249,0.0
116.800635842,0.020839558473384923,0.01667164677870794,0.0
116.85070320700001,0.020666336160651444,0.016533068928521157,0.0
116.900593255,0.019748695062724086,0.01579895605017927,0.0
116.95310914400001,0.018872634594863102,0.015098107675890482,0.0
117.00062067,0.018178199700186082,0.014542559760148866,0.0
117.05134058600001,0.01747734214726321,0.013981873717810567,0.0
117.100603507,0.016246090717280837,0.01299687257382467,0.0
117.152624391,0.015359911728735187,0.012287929382988151,0.0
117.20062540200001,0.014675680516934797,0.011740544413547839,0.0
117.252076185,0.013965209533969736,0.011172167627175789,0.0
117.300583345,0.01363908318602497,0.010911266548819977,0.0
117.35052802300001,0.01311719124652938,0.010493752997223505,0.0
117.400863653,0.012769557490352357,0.010215645992281886,0.0
117.45094508800001,0.01242094897761059,0.009936759182088473,0.0
117.501185727,0.011892604095273651,0.009514083276218922,0.0
117.550697478,0.011367024210433174,0.00909361936834654,0.0
117.60060835700001,0.011194321799160523,0.008955457439328419,0.0
117.65059672900001,0.01050571341702461,0.008404570733619688,0.0
117.70262094600001,0.009968056123470348,0.007974444898776278,0.0
117.75454678800001,0.7853981633974484,0.0,0.4
117.80061704600001,0.7872327374569067,0.0,0.4
117.85055870800001,0.7742524679612726,0.0,0.4
117.90058297600001,0.7668748798003686,0.0,0.4
117.95112110000001,0.7538402391803972,0.0,0.4
118.000597139,0.7447616650894876,0.0,0.4
118.05125957400001,0.7354795388332753,0.0,0.4
118.100587242,0.7226002422716833,0.0,0.4
118.151653753,0.7004039612098296,0.0,0.4
118.200599322,0.6797266910058833,0.0,0.4
118.250702019,0.6596537761067435,0.0,0.4
118.30138966000001,0.6430629351651259,0.0,0.4
118.35201699500001,0.6173813528820349,0.0,0.4
118.400604994,0.6028201789706455,0.0,0.4
118.451435954,0.5785509479519559,0.0,0.4
118.500675662,0.5666723776080387,0.0,0.4
118.551667545,0.5436490662512157,0.0,0.4
118.60058618900001,0.5315834525459104,0.0,0.4
118.65097833700001,0.5048426565532278,0.0,0.4
118.700586134,0.48831439266354093,0.0,0.4
118.751789039,0.4637369921651322,0.0,0.4
118.800709349,0.45285642214971555,0.0,0.4
118.852357529,0.43205608420740127,0.0,0.4
118.900602969,0.4161872980905348,0.0,0.4
118.95088910000001,0.39144899831784885,0.0,0.4
119.00060611900001,0.3731505420632699,0.0,0.4
119.05137345400001,0.3522722116801582,0.0,0.4
119.100720456,0.33412671708717845,0.0,0.4
119.15171136400001,0.3077847389668895,0.0,0.4
119.20057565100001,0.29352535795657486,0.0,0.4
119.251276691,0.2706853468240782,0.0,0.4
119.300981367,0.2557899966413637,0.0,0.38368499496204556
119.350809677,0.23507896227848812,0.0,0.3526184434177322
119.400597887,0.22204275522386063,0.0,0.33306413283579095
119.45233986800001,0.19812852940736225,0.0,0.2971927941110434
119.50064316800001,0.1820468115164302,0.0,0.2730702172746453
119.55092966400001,0.1629585883047202,0.0,0.2444378824570803
119.600611634,0.15366656585410454,0.0,0.2304998487811568
119.650898806,0.14068722894034957,0.0,0.21103084341052436
119.700699775,0.13156885753104297,0.0,0.19735328629656446
119.75067583200001,0.1204053544410324,0.0,0.1806080316615486
119.800586842,0.11492540608865331,0.0,0.17238810913297997
119.851173418,0.10566400009833132,0.0,0.15849600014749698
119.90063620400001,0.10020082794571694,0.0,0.1503012419185754
119.95057566300001,0.09093229032295769,0.0,0.13639843548443653
120.000579387,0.08363585138678431,0.0,0.12545377708017647
120.051094937,0.07611348950133778,0.0,0.11417023425200667
120.10064537100001,0.07241387945010946,0.0,0.1086208191751642
120.15129174100001,0.07036672080000916,0.0,0.10555008120001375
120.200598865,0.06853502796919364,0.0,0.10280254195379046
120.252446996,0.0647661752143065,0.0,0.09714926282145975
120.30062256100001,0.06307084937991947,0.0,0.0946062740698792
120.350375892,0.06307084937991947,0.0,0.0946062740698792
120.40055886900001,0.06307084937991947,0.0,0.0946062740698792
120.45180606800001,0.06126311781737903,0.0,0.09189467672606855
120.50059605400001,0.05216928156982492,0.0,0.07825392235473738
120.552535739,0.041080260817711434,0.0,0.06162039122656715
120.60059417900001,0.03192074134057221,0.0,0.04788111201085832
120.65288846600001,0.02267726832271766,0.0,0.03401590248407649
120.70265356700001,0.4,0.15,0.0
120.75053895100001,0.3998335768637704,0.15,0.0
120.80063412400001,0.3957865132105886,0.15,0.0
120.850926731,0.3922815774371486,0.15,0.0
120.90060029200001,0.3838462984744758,0.15,0.0
120.95085770300001,0.3746705120688484,0.15,0.0
121.000588289,0.36865040265818483,0.15,0.0
121.05196220900001,0.35953125023414817,0.15,0.0
121.100577068,0.3534157125149554,0.15,0.0
121.150474982,0.34729567161100394,0.15,0.0
121.20059943700001,0.3383632376934913,0.15,0.0
121.25184977500001,0.329450709601522,0.15,0.0
121.300604985,0.32337344197471257,0.15,0.0
121.35205342900001,0.31403334222418333,0.15,0.0
121.400592774,0.3079568922648048,0.15,0.0
121.45072176000001,0.301964263629515,0.15,0.0
121.50065514,0.2932423740299756,0.15,0.0
121.55059430000001,0.2847020740792181,0.15,0.0
121.60063490900001,0.2789962618644317,0.15,0.0
121.65076134300001,0.2695444262836981,0.15,0.0
121.70078507800001,0.26349984334039134,0.15,0.0
121.751765129,0.2536698475813458,0.15,0.0
121.800598926,0.24781059564143915,0.15,0.0
121.850957217,0.23904779875000307,0.15,0.0
121.900605533,0.23349203892282516,0.15,0.0
121.95204446100001,0.22432789537535863,0.15,0.0
122.000604077,0.2184655187719489,0.15,0.0
122.05124927800001,0.20948321754791902,0.15,0.0
122.100650482,0.2036128053641654,0.15,0.0
122.15052596400001,0.19745132609079513,0.15,0.0
122.200628143,0.18906814242490724,0.15,0.0
122.25214195900001,0.18015956674693212,0.1441276533975457,0.0
122.30080682600001,0.17437029285032363,0.1394962342802589,0.0
122.350484046,0.1683850825404976,0.1347080660323981,0.0
122.400557113,0.1599960654237046,0.12799685233896368,0.0
122.452626241,0.15172025783560558,0.12137620626848447,0.0
122.50058909100001,0.1470380012212798,0.11763040097702385,0.0
122.552334552,0.13979286960161164,0.11183429568128932,0.0
122.60056289900001,0.13528944693234168,0.10823155754587335,0.0
122.65205723700001,0.12858051245013846,0.10286440996011077,0.0
122.700600866,0.12404809048655524,0.0992384723892442,0.0
122.750496294,0.11790872110225586,0.09432697688180469,0.0
122.80071294100001,0.11373193559527067,0.09098554847621654,0.0
122.85245997000001,0.10788421068638532,0.08630736854910825,0.0
122.90058240200001,0.10412073996668103,0.08329659197334482,0.0
122.951333699,0.09895317790086855,0.07916254232069485,0.0
123.00058014000001,0.0955207594465855,0.07641660755726841,0.0
123.05086184700001,0.0908316623396313,0.07266532987170504,0.0
123.100603917,0.08788258935701326,0.07030607148561062,0.0
123.15050024400001,0.08315038995423779,0.06652031196339024,0.0
123.20065274400001,0.08038121442399199,0.0643049715391936,0.0
123.251544393,0.07659405130444857,0.06127524104355886,0.0
123.300596373,0.0742570163534545,0.0594056130827636,0.0
123.35066247500001,0.0704802427858876,0.056384194228710084,0.0
123.40061358800001,0.06813294753080407,0.05450635802464326,0.0
123.452169549,0.06475643026938777,0.05180514421551022,0.0
123.500591068,0.062363021331361346,0.04989041706508908,0.0
123.550754921,0.05911056177582741,0.04728844942066193,0.0
123.60059052400001,0.05700332788509599,0.045602662308076795,0.0
123.651220479,0.053772287407422736,0.043017829925938195,0.0
123.70058857500001,0.05209357598537512,0.0416748607883001,0.0
123.75137184900001,0.04998522872596284,0.039988182980770275,0.0
123.800599124,0.048340505720839755,0.03867240457667181,0.0
123.85135553100001,0.04624061992479256,0.03699249593983405,0.0
123.90060203600001,0.04485528472647454,0.03588422778117963,0.0
123.95222191200001,0.04251002989802288,0.034008023918418305,0.0
124.00058438600001,0.04115832651715301,0.03292666121372241,0.0
124.05102301800001,0.03886735121731949,0.031093880973855594,0.0
124.100582047,0.03746801866267935,0.02997441493014348,0.0
124.151682284,0.03545532864615786,0.028364262916926286,0.0
124.20060257,0.03436321222735672,0.02749056978188538,0.0
124.250494223,0.032632775752372056,0.026106220601897646,0.0
124.300598148,0.03171869586729298,0.025374956693834383,0.0
124.35155631500001,0.030133288874186148,0.02410663109934892,0.0
124.400685592,0.029261139432919803,0.023408911546335842,0.0
124.45222630800001,0.027639545849332703,0.022111636679466164,0.0
124.500594719,0.02647317014925593,0.021178536119404748,0.0
124.55069051900001,0.025450684785689348,0.02036054782855148,0.0
124.600630033,0.024735351496550817,0.019788281197240656,0.0
124.651507218,0.023106251423113844,0.018485001138491077,0.0
124.700594988,0.022239948537376708,0.017791958829901366,0.0
124.75077520800001,0.021160917347327612,0.01692873387786209,0.0
124.80059978400001,0.020836727129931065,0.016669381703944854,0.0
124.85085802100001,0.020658615946211323,0.016526892756969058,0.0
124.900572725,0.020658615946211323,0.016526892756969058,0.0
124.951036161,0.02010713585964835,0.01608570868771868,0.0
125.000590098,0.019111740568973135,0.015289392455178508,0.0
125.05208479100001,0.01787123956720227,0.014296991653761816,0.0
125.10065158200001,0.01700011489998232,0.013600091919985858,0.0
125.15088175800001,0.015949390940093955,0.012759512752075165,0.0
125.20058583800001,0.015424800185982301,0.012339840148785843,0.0
125.25044849700001,0.01471874088394065,0.011774992707152522,0.0
125.30086120800001,0.014198039002667306,0.011358431202133847,0.0
125.35213717100001,0.01297479905703508,0.010379839245628065,0.0
125.400594233,0.012430694430250466,0.009944555544200373,0.0
125.45056323600001,0.011554807009043822,0.009243845607235058,0.0
125.50060697100001,0.011554807009043822,0.009243845607235058,0.0
125.55095974000001,0.010654184118365662,0.00852334729469253,0.0
125.60060627300001,0.010307044625453066,0.008245635700362453,0.0
125.653665298,0.009610439541831606,0.007688351633465285,0.0
